"time_window","volume"
"2016-09-19 12:20:00","0.841020405514"
"2016-09-19 12:40:00","0.858427756582"
"2016-09-19 13:00:00","0.850676778384"
"2016-09-19 13:20:00","1.03824580769"
"2016-09-19 13:40:00","0.934402049478"
"2016-09-19 14:00:00","0.909160433946"
"2016-09-19 14:20:00","0.966838952269"
"2016-09-19 14:40:00","0.904403320246"
"2016-09-19 15:00:00","0.760865976388"
"2016-09-19 15:20:00","0.934570213569"
"2016-09-19 15:40:00","0.837427445698"
"2016-09-19 16:00:00","1.10946232227"
"2016-09-19 16:20:00","1.01554942984"
"2016-09-19 16:40:00","1.26347558717"
"2016-09-19 17:00:00","0.983067741599"
"2016-09-19 17:20:00","1.02676683357"
"2016-09-19 17:40:00","1.17821014571"
"2016-09-19 18:00:00","1.08223539334"
"2016-09-19 18:20:00","1.18081337404"
"2016-09-19 18:40:00","1.25182524639"
"2016-09-19 19:00:00","0.786329404691"
"2016-09-19 19:20:00","0.837936008487"
"2016-09-19 19:40:00","0.92266699274"
"2016-09-19 20:00:00","0.659262801195"
"2016-09-19 20:20:00","0.966829685219"
"2016-09-19 20:40:00","1.07543960464"
"2016-09-19 21:00:00","0.862290451647"
"2016-09-19 21:20:00","1.070828621"
"2016-09-19 21:40:00","1.07915855851"
"2016-09-19 22:00:00","0.67901522587"
"2016-09-19 22:20:00","0.575663189724"
"2016-09-19 22:40:00","0.906671797125"
"2016-09-19 23:00:00","0.422267711215"
"2016-09-19 23:20:00","0.127081973638"
"2016-09-19 23:40:00","0.210048782676"
"2016-09-20 00:00:00","1.71195090659"
"2016-09-20 00:20:00","2.14555252215"
"2016-09-20 00:40:00","1.66949426965"
"2016-09-20 01:00:00","0.966112216771"
"2016-09-20 01:20:00","0.953065737825"
"2016-09-20 01:40:00","0.625963537872"
"2016-09-20 02:00:00","0.451981104308"
"2016-09-20 02:20:00","0.53756998382"
"2016-09-20 02:40:00","1.03388819374"
"2016-09-20 03:00:00","0.676159641069"
"2016-09-20 03:20:00","0.453342140854"
"2016-09-20 03:40:00","0.587075675936"
"2016-09-20 04:00:00","0.466149865724"
"2016-09-20 04:20:00","0.441081499682"
"2016-09-20 04:40:00","0.260771501394"
"2016-09-20 05:00:00","0.612000130081"
"2016-09-20 05:20:00","0.534097136141"
"2016-09-20 05:40:00","0.457978705582"
"2016-09-20 06:00:00","0.554838070504"
"2016-09-20 06:20:00","0.688050296479"
"2016-09-20 06:40:00","0.947229422074"
"2016-09-20 07:00:00","1.00415614563"
"2016-09-20 07:20:00","0.990216512059"
"2016-09-20 07:40:00","1.07104623011"
"2016-09-20 08:00:00","1.18339082451"
"2016-09-20 08:20:00","1.56600801244"
"2016-09-20 08:40:00","1.55410949575"
"2016-09-20 09:00:00","1.51261121948"
"2016-09-20 09:20:00","1.90438593678"
"2016-09-20 09:40:00","1.55245150008"
"2016-09-20 10:00:00","0.824697348035"
"2016-09-20 10:20:00","1.02210286103"
"2016-09-20 10:40:00","0.790500427735"
"2016-09-20 11:00:00","0.865440559494"
"2016-09-20 11:20:00","0.822249098528"
"2016-09-20 11:40:00","0.865572247707"
"2016-09-20 12:00:00","0.997578977701"
"2016-09-20 12:20:00","0.723944607837"
"2016-09-20 12:40:00","0.798519132983"
"2016-09-20 13:00:00","0.829300785191"
"2016-09-20 13:20:00","0.777880369492"
"2016-09-20 13:40:00","0.867171651714"
"2016-09-20 14:00:00","0.887704443349"
"2016-09-20 14:20:00","0.740644313749"
"2016-09-20 14:40:00","0.810780918572"
"2016-09-20 15:00:00","0.761225432542"
"2016-09-20 15:20:00","0.67378665422"
"2016-09-20 15:40:00","0.823212669852"
"2016-09-20 16:00:00","0.875733492443"
"2016-09-20 16:20:00","1.0273136236"
"2016-09-20 16:40:00","0.990150114921"
"2016-09-20 17:00:00","0.902067485726"
"2016-09-20 17:20:00","0.977272676714"
"2016-09-20 17:40:00","1.293518622"
"2016-09-20 18:00:00","1.25882554256"
"2016-09-20 18:20:00","1.20022914447"
"2016-09-20 18:40:00","1.35532124412"
"2016-09-20 19:00:00","0.903176094004"
"2016-09-20 19:20:00","0.929574226577"
"2016-09-20 19:40:00","0.971238215482"
"2016-09-20 20:00:00","1.25212534024"
"2016-09-20 20:20:00","1.16043943767"
"2016-09-20 20:40:00","1.28681990477"
"2016-09-20 21:00:00","0.874647958985"
"2016-09-20 21:20:00","1.38571613099"
"2016-09-20 21:40:00","1.41016106705"
"2016-09-20 22:00:00","1.12359553252"
"2016-09-20 22:20:00","1.68163743836"
"2016-09-20 22:40:00","1.69098584771"
"2016-09-20 23:00:00","0.695237970643"
"2016-09-20 23:20:00","0.267307781047"
"2016-09-20 23:40:00","0.198085477948"
"2016-09-21 00:00:00","1.07200653693"
"2016-09-21 00:20:00","1.96625410538"
"2016-09-21 00:40:00","1.14236970166"
"2016-09-21 01:00:00","0.874454652324"
"2016-09-21 01:20:00","0.551850131304"
"2016-09-21 01:40:00","1.01020197566"
"2016-09-21 02:00:00","0.91468391206"
"2016-09-21 02:20:00","1.08737581823"
"2016-09-21 02:40:00","0.445710236235"
"2016-09-21 03:00:00","0.516536707744"
"2016-09-21 03:20:00","0.515460099915"
"2016-09-21 03:40:00","0.662758604655"
"2016-09-21 04:00:00","0.262387551883"
"2016-09-21 04:20:00","0.248249010508"
"2016-09-21 04:40:00","0.366682186907"
"2016-09-21 05:00:00","0.34361192186"
"2016-09-21 05:20:00","0.549648704855"
"2016-09-21 05:40:00","0.314824617056"
"2016-09-21 06:00:00","0.523802968554"
"2016-09-21 06:20:00","0.765903865878"
"2016-09-21 06:40:00","0.608232283618"
"2016-09-21 07:00:00","0.917785838802"
"2016-09-21 07:20:00","1.08035257273"
"2016-09-21 07:40:00","0.900913818032"
"2016-09-21 08:00:00","1.12329283446"
"2016-09-21 08:20:00","1.06711785694"
"2016-09-21 08:40:00","1.29242002697"
"2016-09-21 09:00:00","1.21696625013"
"2016-09-21 09:20:00","0.834346851897"
"2016-09-21 09:40:00","0.817044827867"
"2016-09-21 10:00:00","0.850780744137"
"2016-09-21 10:20:00","1.08443660106"
"2016-09-21 10:40:00","0.978334761634"
"2016-09-21 11:00:00","0.915221695716"
"2016-09-21 11:20:00","0.861673873849"
"2016-09-21 11:40:00","1.02168476529"
"2016-09-21 12:00:00","0.950241627914"
"2016-09-21 12:20:00","0.917188218332"
"2016-09-21 12:40:00","1.02110546387"
"2016-09-21 13:00:00","1.01157202535"
"2016-09-21 13:20:00","1.09372589478"
"2016-09-21 13:40:00","0.993064382227"
"2016-09-21 14:00:00","0.760603907697"
"2016-09-21 14:20:00","1.02827574931"
"2016-09-21 14:40:00","1.04504283799"
"2016-09-21 15:00:00","1.06846611852"
"2016-09-21 15:20:00","1.14168421136"
"2016-09-21 15:40:00","1.0732522394"
"2016-09-21 16:00:00","1.02651140385"
"2016-09-21 16:20:00","1.06583254486"
"2016-09-21 16:40:00","1.17900623838"
"2016-09-21 17:00:00","0.943874348826"
"2016-09-21 17:20:00","1.2175838628"
"2016-09-21 17:40:00","1.32081545112"
"2016-09-21 18:00:00","1.0650287708"
"2016-09-21 18:20:00","1.2161508343"
"2016-09-21 18:40:00","1.1838079196"
"2016-09-21 19:00:00","1.14899026862"
"2016-09-21 19:20:00","1.0430911899"
"2016-09-21 19:40:00","0.846758000194"
"2016-09-21 20:00:00","1.09925761545"
"2016-09-21 20:20:00","1.0613829747"
"2016-09-21 20:40:00","0.994064715933"
"2016-09-21 21:00:00","1.32435563889"
"2016-09-21 21:20:00","1.51605360342"
"2016-09-21 21:40:00","1.12891100513"
"2016-09-21 22:00:00","0.975583164792"
"2016-09-21 22:20:00","0.760180760099"
"2016-09-21 22:40:00","0.985502110983"
"2016-09-21 23:00:00","1.44286827639"
"2016-09-21 23:20:00","0.250584284668"
"2016-09-21 23:40:00","0.150510560827"
"2016-09-22 00:00:00","1.21229622251"
"2016-09-22 00:20:00","1.76698834118"
"2016-09-22 00:40:00","1.49883353054"
"2016-09-22 01:00:00","0.61803110221"
"2016-09-22 01:20:00","0.87951035406"
"2016-09-22 01:40:00","0.719915575539"
"2016-09-22 02:00:00","0.648108711634"
"2016-09-22 02:20:00","0.770730640641"
"2016-09-22 02:40:00","0.888963358499"
"2016-09-22 03:00:00","0.645967472133"
"2016-09-22 03:20:00","0.692653830938"
"2016-09-22 03:40:00","0.224615546487"
"2016-09-22 04:00:00","0.714267108618"
"2016-09-22 04:20:00","0.421978340016"
"2016-09-22 04:40:00","0.374413437836"
"2016-09-22 05:00:00","0.819621475986"
"2016-09-22 05:20:00","0.460156435889"
"2016-09-22 05:40:00","0.29360344407"
"2016-09-22 06:00:00","0.886293354091"
"2016-09-22 06:20:00","0.692222392119"
"2016-09-22 06:40:00","0.839567003559"
"2016-09-22 07:00:00","0.890602907369"
"2016-09-22 07:20:00","1.04928630188"
"2016-09-22 07:40:00","0.951911804369"
"2016-09-22 08:00:00","1.08774779709"
"2016-09-22 08:20:00","1.11821910344"
"2016-09-22 08:40:00","1.18418672446"
"2016-09-22 09:00:00","1.08226009423"
"2016-09-22 09:20:00","1.11388105777"
"2016-09-22 09:40:00","1.01192107036"
"2016-09-22 10:00:00","0.986021485291"
"2016-09-22 10:20:00","1.13455948351"
"2016-09-22 10:40:00","1.24273757675"
"2016-09-22 11:00:00","0.833951785262"
"2016-09-22 11:20:00","0.861272301498"
"2016-09-22 11:40:00","0.772403282937"
"2016-09-22 12:00:00","0.951903858167"
"2016-09-22 12:20:00","1.15956811014"
"2016-09-22 12:40:00","0.926487541086"
"2016-09-22 13:00:00","0.794462655844"
"2016-09-22 13:20:00","0.99917563111"
"2016-09-22 13:40:00","1.16150593114"
"2016-09-22 14:00:00","0.858387577411"
"2016-09-22 14:20:00","0.823008561491"
"2016-09-22 14:40:00","1.1039568992"
"2016-09-22 15:00:00","1.03119481403"
"2016-09-22 15:20:00","1.07391318827"
"2016-09-22 15:40:00","0.827655422749"
"2016-09-22 16:00:00","1.05451285431"
"2016-09-22 16:20:00","1.059615753"
"2016-09-22 16:40:00","1.02021085461"
"2016-09-22 17:00:00","0.963719039177"
"2016-09-22 17:20:00","1.12410316176"
"2016-09-22 17:40:00","1.09216902518"
"2016-09-22 18:00:00","0.864978948568"
"2016-09-22 18:20:00","0.866920360157"
"2016-09-22 18:40:00","1.73872826487"
"2016-09-22 19:00:00","1.10169580349"
"2016-09-22 19:20:00","1.45721897685"
"2016-09-22 19:40:00","0.963314718599"
"2016-09-22 20:00:00","0.994197250808"
"2016-09-22 20:20:00","1.04169613179"
"2016-09-22 20:40:00","1.08214332043"
"2016-09-22 21:00:00","1.02875875737"
"2016-09-22 21:20:00","1.40515538924"
"2016-09-22 21:40:00","1.34602118746"
"2016-09-22 22:00:00","1.31222232985"
"2016-09-22 22:20:00","0.758444394727"
"2016-09-22 22:40:00","1.08815058381"
"2016-09-22 23:00:00","0.897703940226"
"2016-09-22 23:20:00","0.158191623934"
"2016-09-22 23:40:00","0.149451829856"
"2016-09-23 00:00:00","1.1886489805"
"2016-09-23 00:20:00","1.53903045903"
"2016-09-23 00:40:00","1.63875816814"
"2016-09-23 01:00:00","0.733823538693"
"2016-09-23 01:20:00","0.971146682682"
"2016-09-23 01:40:00","0.564459185755"
"2016-09-23 02:00:00","1.01637411963"
"2016-09-23 02:20:00","0.449002291952"
"2016-09-23 02:40:00","0.714621091149"
"2016-09-23 03:00:00","1.12227361397"
"2016-09-23 03:20:00","0.832505578727"
"2016-09-23 03:40:00","0.963204314054"
"2016-09-23 04:00:00","0.422335144785"
"2016-09-23 04:20:00","0.238382842299"
"2016-09-23 04:40:00","0.279006090031"
"2016-09-23 05:00:00","0.43284933069"
"2016-09-23 05:20:00","0.51757901124"
"2016-09-23 05:40:00","0.588496562684"
"2016-09-23 06:00:00","0.676363198307"
"2016-09-23 06:20:00","0.680781279382"
"2016-09-23 06:40:00","0.787479190312"
"2016-09-23 07:00:00","0.828473346137"
"2016-09-23 07:20:00","0.85797340871"
"2016-09-23 07:40:00","0.955039910242"
"2016-09-23 08:00:00","0.940205980261"
"2016-09-23 08:20:00","1.05021755627"
"2016-09-23 08:40:00","1.18319472473"
"2016-09-23 09:00:00","1.10022971455"
"2016-09-23 09:20:00","1.21842195896"
"2016-09-23 09:40:00","0.890606771182"
"2016-09-23 10:00:00","0.922784697961"
"2016-09-23 10:20:00","0.979173840408"
"2016-09-23 10:40:00","0.826859236591"
"2016-09-23 11:00:00","1.07760193945"
"2016-09-23 11:20:00","0.882828354084"
"2016-09-23 11:40:00","0.962628417603"
"2016-09-23 12:00:00","0.861574482592"
"2016-09-23 12:20:00","0.744925966647"
"2016-09-23 12:40:00","0.864589337011"
"2016-09-23 13:00:00","0.891778876552"
"2016-09-23 13:20:00","1.00801476882"
"2016-09-23 13:40:00","1.03286645"
"2016-09-23 14:00:00","0.940457750265"
"2016-09-23 14:20:00","1.17918684864"
"2016-09-23 14:40:00","0.88294552824"
"2016-09-23 15:00:00","0.930805012909"
"2016-09-23 15:20:00","1.10569122439"
"2016-09-23 15:40:00","1.01092154023"
"2016-09-23 16:00:00","1.0489677611"
"2016-09-23 16:20:00","1.25725450645"
"2016-09-23 16:40:00","1.40902745951"
"2016-09-23 17:00:00","0.920185579066"
"2016-09-23 17:20:00","1.24444269605"
"2016-09-23 17:40:00","1.46984527048"
"2016-09-23 18:00:00","1.39345224345"
"2016-09-23 18:20:00","1.35272273576"
"2016-09-23 18:40:00","1.46923615025"
"2016-09-23 19:00:00","0.977358172625"
"2016-09-23 19:20:00","1.51725905894"
"2016-09-23 19:40:00","1.0524017505"
"2016-09-23 20:00:00","1.14728252553"
"2016-09-23 20:20:00","1.14853131853"
"2016-09-23 20:40:00","1.08545648703"
"2016-09-23 21:00:00","1.3253199083"
"2016-09-23 21:20:00","1.03330355242"
"2016-09-23 21:40:00","0.913073305514"
"2016-09-23 22:00:00","1.27051371073"
"2016-09-23 22:20:00","0.773524940349"
"2016-09-23 22:40:00","1.50527565053"
"2016-09-23 23:00:00","0.741767682115"
"2016-09-23 23:20:00","0.106791514742"
"2016-09-23 23:40:00","0.148584420754"
"2016-09-24 00:00:00","1.29542120676"
"2016-09-24 00:20:00","1.57758449145"
"2016-09-24 00:40:00","1.71258128895"
"2016-09-24 01:00:00","0.659619182897"
"2016-09-24 01:20:00","0.681262636155"
"2016-09-24 01:40:00","1.66016139363"
"2016-09-24 02:00:00","0.924448081453"
"2016-09-24 02:20:00","0.137808787365"
"2016-09-24 02:40:00","1.32596771892"
"2016-09-24 03:00:00","0.808865925048"
"2016-09-24 03:20:00","0.617467237359"
"2016-09-24 03:40:00","0.797192031697"
"2016-09-24 04:00:00","0.473924594887"
"2016-09-24 04:20:00","0.149420422036"
"2016-09-24 04:40:00","0.464883541925"
"2016-09-24 05:00:00","0.415688688911"
"2016-09-24 05:20:00","0.545286167992"
"2016-09-24 05:40:00","0.366373456915"
"2016-09-24 06:00:00","0.4088014431"
"2016-09-24 06:20:00","0.738749874564"
"2016-09-24 06:40:00","0.727757436819"
"2016-09-24 07:00:00","0.938342499557"
"2016-09-24 07:20:00","0.773853985469"
"2016-09-24 07:40:00","0.89439272873"
"2016-09-24 08:00:00","1.00942095162"
"2016-09-24 08:20:00","0.91392568192"
"2016-09-24 08:40:00","0.8542684858"
"2016-09-24 09:00:00","0.983204684132"
"2016-09-24 09:20:00","1.18610051501"
"2016-09-24 09:40:00","1.19459311945"
"2016-09-24 10:00:00","1.06718468795"
"2016-09-24 10:20:00","1.12951670217"
"2016-09-24 10:40:00","0.993582822589"
"2016-09-24 11:00:00","1.03892030304"
"2016-09-24 11:20:00","0.916216954323"
"2016-09-24 11:40:00","1.01914927244"
"2016-09-24 12:00:00","1.18223949941"
"2016-09-24 12:20:00","0.710853738913"
"2016-09-24 12:40:00","0.953590907156"
"2016-09-24 13:00:00","1.04947339185"
"2016-09-24 13:20:00","1.04114349955"
"2016-09-24 13:40:00","0.99496802002"
"2016-09-24 14:00:00","0.878163395912"
"2016-09-24 14:20:00","0.972918149311"
"2016-09-24 14:40:00","0.940634347924"
"2016-09-24 15:00:00","1.04302179572"
"2016-09-24 15:20:00","1.30388275682"
"2016-09-24 15:40:00","1.04774450526"
"2016-09-24 16:00:00","1.18467499422"
"2016-09-24 16:20:00","1.19486042823"
"2016-09-24 16:40:00","1.23791880196"
"2016-09-24 17:00:00","0.981884676084"
"2016-09-24 17:20:00","1.05020246112"
"2016-09-24 17:40:00","1.11393558254"
"2016-09-24 18:00:00","0.834953913121"
"2016-09-24 18:20:00","1.15312055583"
"2016-09-24 18:40:00","1.06382512585"
"2016-09-24 19:00:00","0.943012144826"
"2016-09-24 19:20:00","1.12000546429"
"2016-09-24 19:40:00","1.00826946799"
"2016-09-24 20:00:00","1.18662806355"
"2016-09-24 20:20:00","1.52861554319"
"2016-09-24 20:40:00","1.29040090846"
"2016-09-24 21:00:00","1.16354332074"
"2016-09-24 21:20:00","1.2795996397"
"2016-09-24 21:40:00","1.22516162236"
"2016-09-24 22:00:00","1.13987952574"
"2016-09-24 22:20:00","1.27942742336"
"2016-09-24 22:40:00","0.646053724616"
"2016-09-24 23:00:00","1.54299696715"
"2016-09-24 23:20:00","0.344500969248"
"2016-09-24 23:40:00","0.196105465727"
"2016-09-25 00:00:00","1.16505517934"
"2016-09-25 00:20:00","1.71623741958"
"2016-09-25 00:40:00","1.6584102802"
"2016-09-25 01:00:00","0.797155812805"
"2016-09-25 01:20:00","0.902157008451"
"2016-09-25 01:40:00","0.912996438625"
"2016-09-25 02:00:00","0.819940679861"
"2016-09-25 02:20:00","0.552764941735"
"2016-09-25 02:40:00","0.526329658809"
"2016-09-25 03:00:00","0.342297246288"
"2016-09-25 03:20:00","0.610768566123"
"2016-09-25 03:40:00","0.49409719325"
"2016-09-25 04:00:00","0.235062173459"
"2016-09-25 04:20:00","0.296503541381"
"2016-09-25 04:40:00","1.11843105388"
"2016-09-25 05:00:00","0.512642596009"
"2016-09-25 05:20:00","0.446118116163"
"2016-09-25 05:40:00","0.434640879849"
"2016-09-25 06:00:00","0.488777557375"
"2016-09-25 06:20:00","0.450792520742"
"2016-09-25 06:40:00","0.707641817241"
"2016-09-25 07:00:00","0.608809330862"
"2016-09-25 07:20:00","0.739286656419"
"2016-09-25 07:40:00","0.986896878255"
"2016-09-25 08:00:00","0.864427918928"
"2016-09-25 08:20:00","0.838180683237"
"2016-09-25 08:40:00","0.896392863532"
"2016-09-25 09:00:00","0.864696436253"
"2016-09-25 09:20:00","1.2163379822"
"2016-09-25 09:40:00","0.923816158381"
"2016-09-25 10:00:00","1.08780553809"
"2016-09-25 10:20:00","1.11939905685"
"2016-09-25 10:40:00","1.02010145082"
"2016-09-25 11:00:00","1.16915170136"
"2016-09-25 11:20:00","0.919933994673"
"2016-09-25 11:40:00","0.926894998884"
"2016-09-25 12:00:00","1.17768280243"
"2016-09-25 12:20:00","0.917187129817"
"2016-09-25 12:40:00","0.897793089117"
"2016-09-25 13:00:00","1.15642954892"
"2016-09-25 13:20:00","1.39580110693"
"2016-09-25 13:40:00","1.14572938712"
"2016-09-25 14:00:00","1.08332753584"
"2016-09-25 14:20:00","1.26043613443"
"2016-09-25 14:40:00","1.23744391467"
"2016-09-25 15:00:00","1.1586401793"
"2016-09-25 15:20:00","1.09536991371"
"2016-09-25 15:40:00","1.0090851705"
"2016-09-25 16:00:00","1.11869370103"
"2016-09-25 16:20:00","1.05417165672"
"2016-09-25 16:40:00","1.03740885075"
"2016-09-25 17:00:00","1.26207007972"
"2016-09-25 17:20:00","0.949917773666"
"2016-09-25 17:40:00","0.99538896707"
"2016-09-25 18:00:00","1.04255435284"
"2016-09-25 18:20:00","1.24622533573"
"2016-09-25 18:40:00","1.0763621454"
"2016-09-25 19:00:00","1.09638132888"
"2016-09-25 19:20:00","1.19396504128"
"2016-09-25 19:40:00","1.36181012118"
"2016-09-25 20:00:00","1.16975034966"
"2016-09-25 20:20:00","1.3953868971"
"2016-09-25 20:40:00","1.14595094796"
"2016-09-25 21:00:00","0.806677580525"
"2016-09-25 21:20:00","1.07044396326"
"2016-09-25 21:40:00","0.852601371976"
"2016-09-25 22:00:00","0.863971355818"
"2016-09-25 22:20:00","0.816368033672"
"2016-09-25 22:40:00","1.0915461246"
"2016-09-25 23:00:00","0.589213500912"
"2016-09-25 23:20:00","0.102290722933"
"2016-09-25 23:40:00","0.168980556233"
"2016-09-26 00:00:00","1.17882458294"
"2016-09-26 00:20:00","1.28518192158"
"2016-09-26 00:40:00","1.46616838279"
"2016-09-26 01:00:00","0.982028559134"
"2016-09-26 01:20:00","1.17517132271"
"2016-09-26 01:40:00","1.29981854277"
"2016-09-26 02:00:00","1.06201189218"
"2016-09-26 02:20:00","0.563597790624"
"2016-09-26 02:40:00","0.409838185029"
"2016-09-26 03:00:00","0.480571101865"
"2016-09-26 03:20:00","1.45710850648"
"2016-09-26 03:40:00","0.631649234719"
"2016-09-26 04:00:00","0.335445595932"
"2016-09-26 04:20:00","0.398041530067"
"2016-09-26 04:40:00","0.636974294505"
"2016-09-26 05:00:00","0.66708486141"
"2016-09-26 05:20:00","0.437885881313"
"2016-09-26 05:40:00","0.389757275168"
"2016-09-26 06:00:00","0.557320122792"
"2016-09-26 06:20:00","0.862766105201"
"2016-09-26 06:40:00","1.04803202103"
"2016-09-26 07:00:00","1.11423117857"
"2016-09-26 07:20:00","0.989150723292"
"2016-09-26 07:40:00","1.34594341288"
"2016-09-26 08:00:00","1.19580394874"
"2016-09-26 08:20:00","1.39420079344"
"2016-09-26 08:40:00","1.26403704906"
"2016-09-26 09:00:00","1.31101191053"
"2016-09-26 09:20:00","1.10759374744"
"2016-09-26 09:40:00","1.06125198473"
"2016-09-26 10:00:00","0.991077428315"
"2016-09-26 10:20:00","1.06400671431"
"2016-09-26 10:40:00","1.09774315763"
"2016-09-26 11:00:00","0.756320050526"
"2016-09-26 11:20:00","0.87723254707"
"2016-09-26 11:40:00","0.648757902992"
"2016-09-26 12:00:00","0.827809163721"
"2016-09-26 12:20:00","0.863035217644"
"2016-09-26 12:40:00","0.823026810822"
"2016-09-26 13:00:00","0.864722892561"
"2016-09-26 13:20:00","0.766453339671"
"2016-09-26 13:40:00","0.878593839429"
"2016-09-26 14:00:00","1.11344778358"
"2016-09-26 14:20:00","1.01287571237"
"2016-09-26 14:40:00","0.79272359482"
"2016-09-26 15:00:00","1.09580702353"
"2016-09-26 15:20:00","0.802898319207"
"2016-09-26 15:40:00","0.995275001782"
"2016-09-26 16:00:00","0.955217557076"
"2016-09-26 16:20:00","1.06534974037"
"2016-09-26 16:40:00","0.909611758511"
"2016-09-26 17:00:00","1.03143146343"
"2016-09-26 17:20:00","1.15468446165"
"2016-09-26 17:40:00","1.1279327464"
"2016-09-26 18:00:00","1.43131367142"
"2016-09-26 18:20:00","0.883681547763"
"2016-09-26 18:40:00","1.21135959828"
"2016-09-26 19:00:00","1.12763168111"
"2016-09-26 19:20:00","1.14365217712"
"2016-09-26 19:40:00","1.13634871211"
"2016-09-26 20:00:00","1.00293462998"
"2016-09-26 20:20:00","1.58000415247"
"2016-09-26 20:40:00","0.967297140563"
"2016-09-26 21:00:00","0.900825345515"
"2016-09-26 21:20:00","1.36880460978"
"2016-09-26 21:40:00","1.10155498671"
"2016-09-26 22:00:00","0.973931526827"
"2016-09-26 22:20:00","1.4445547331"
"2016-09-26 22:40:00","1.51747736878"
"2016-09-26 23:00:00","1.02459230111"
"2016-09-26 23:20:00","0.169076810577"
"2016-09-26 23:40:00","0.128341827144"
"2016-09-27 00:00:00","1.11103413154"
"2016-09-27 00:20:00","1.53365682471"
"2016-09-27 00:40:00","1.2993598791"
"2016-09-27 01:00:00","1.5619629554"
"2016-09-27 01:20:00","0.805292413829"
"2016-09-27 01:40:00","0.751681634507"
"2016-09-27 02:00:00","0.544093571612"
"2016-09-27 02:20:00","0.487006470491"
"2016-09-27 02:40:00","0.622903908132"
"2016-09-27 03:00:00","0.680097297465"
"2016-09-27 03:20:00","0.182038268091"
"2016-09-27 03:40:00","0.470284561277"
"2016-09-27 04:00:00","0.561686280115"
"2016-09-27 04:20:00","0.0885857418335"
"2016-09-27 04:40:00","0.627103913732"
"2016-09-27 05:00:00","0.857008067636"
"2016-09-27 05:20:00","0.42869035478"
"2016-09-27 05:40:00","0.67641220772"
"2016-09-27 06:00:00","0.701350562906"
"2016-09-27 06:20:00","0.815626979217"
"2016-09-27 06:40:00","0.920364513735"
"2016-09-27 07:00:00","1.04053154257"
"2016-09-27 07:20:00","0.90493557169"
"2016-09-27 07:40:00","1.03584902757"
"2016-09-27 08:00:00","0.898851907257"
"2016-09-27 08:20:00","1.08216094299"
"2016-09-27 08:40:00","1.30928014849"
"2016-09-27 09:00:00","1.13670897276"
"2016-09-27 09:20:00","1.14846731331"
"2016-09-27 09:40:00","1.0313382136"
"2016-09-27 10:00:00","1.00062336848"
"2016-09-27 10:20:00","0.895130735229"
"2016-09-27 10:40:00","1.11668250023"
"2016-09-27 11:00:00","0.746455670299"
"2016-09-27 11:20:00","0.634308009206"
"2016-09-27 11:40:00","1.02209062923"
"2016-09-27 12:00:00","1.07634810946"
"2016-09-27 12:20:00","1.00722143917"
"2016-09-27 12:40:00","0.870444400716"
"2016-09-27 13:00:00","0.995277513805"
"2016-09-27 13:20:00","0.955127151837"
"2016-09-27 13:40:00","1.02922572195"
"2016-09-27 14:00:00","0.872487846628"
"2016-09-27 14:20:00","0.932786077426"
"2016-09-27 14:40:00","0.982103554983"
"2016-09-27 15:00:00","0.844343426906"
"2016-09-27 15:20:00","1.15648508676"
"2016-09-27 15:40:00","0.781998588704"
"2016-09-27 16:00:00","0.874793299098"
"2016-09-27 16:20:00","1.1346501976"
"2016-09-27 16:40:00","1.01893800945"
"2016-09-27 17:00:00","0.959840301118"
"2016-09-27 17:20:00","0.974893957631"
"2016-09-27 17:40:00","1.17431929993"
"2016-09-27 18:00:00","1.36120861916"
"2016-09-27 18:20:00","1.3574855568"
"2016-09-27 18:40:00","1.49763299463"
"2016-09-27 19:00:00","1.05392156554"
"2016-09-27 19:20:00","1.16706707323"
"2016-09-27 19:40:00","1.08651641522"
"2016-09-27 20:00:00","1.44992441419"
"2016-09-27 20:20:00","0.937306974307"
"2016-09-27 20:40:00","1.12012918276"
"2016-09-27 21:00:00","1.30119216574"
"2016-09-27 21:20:00","0.779481240861"
"2016-09-27 21:40:00","1.74765396401"
"2016-09-27 22:00:00","1.01214142043"
"2016-09-27 22:20:00","1.58061147691"
"2016-09-27 22:40:00","1.02821737276"
"2016-09-27 23:00:00","1.21958153587"
"2016-09-27 23:20:00","0.123089876904"
"2016-09-27 23:40:00","0.217524864319"
"2016-09-28 00:00:00","1.16150776807"
"2016-09-28 00:20:00","1.63691388813"
"2016-09-28 00:40:00","1.62370668831"
"2016-09-28 01:00:00","0.900397605789"
"2016-09-28 01:20:00","0.797809353514"
"2016-09-28 01:40:00","0.896215129634"
"2016-09-28 02:00:00","1.21096874856"
"2016-09-28 02:20:00","0.955213164856"
"2016-09-28 02:40:00","1.52558419317"
"2016-09-28 03:00:00","0.531169475669"
"2016-09-28 03:20:00","1.42411592616"
"2016-09-28 03:40:00","0.805771085019"
"2016-09-28 04:00:00","0.910204194834"
"2016-09-28 04:20:00","0.515738050335"
"2016-09-28 04:40:00","0.760992888014"
"2016-09-28 05:00:00","0.474465545136"
"2016-09-28 05:20:00","0.723698066347"
"2016-09-28 05:40:00","0.621999862063"
"2016-09-28 06:00:00","0.649587240475"
"2016-09-28 06:20:00","0.679172118198"
"2016-09-28 06:40:00","0.733113264976"
"2016-09-28 07:00:00","1.08353522163"
"2016-09-28 07:20:00","0.707075314361"
"2016-09-28 07:40:00","0.870195134512"
"2016-09-28 08:00:00","1.01822086814"
"2016-09-28 08:20:00","1.20355213131"
"2016-09-28 08:40:00","1.18517910321"
"2016-09-28 09:00:00","1.38914258579"
"2016-09-28 09:20:00","1.38996154103"
"2016-09-28 09:40:00","0.92184499546"
"2016-09-28 10:00:00","0.930418439988"
"2016-09-28 10:20:00","0.940534337316"
"2016-09-28 10:40:00","1.02259304679"
"2016-09-28 11:00:00","0.984573066141"
"2016-09-28 11:20:00","1.0769230226"
"2016-09-28 11:40:00","0.82005011816"
"2016-09-28 12:00:00","1.19744164131"
"2016-09-28 12:20:00","0.872895163006"
"2016-09-28 12:40:00","0.601879695531"
"2016-09-28 13:00:00","0.918306273531"
"2016-09-28 13:20:00","1.079681358"
"2016-09-28 13:40:00","0.942826085589"
"2016-09-28 14:00:00","1.2038938091"
"2016-09-28 14:20:00","0.984579653761"
"2016-09-28 14:40:00","1.09199936227"
"2016-09-28 15:00:00","0.956049234498"
"2016-09-28 15:20:00","0.961055823553"
"2016-09-28 15:40:00","0.986327871393"
"2016-09-28 16:00:00","1.01268936671"
"2016-09-28 16:20:00","1.17011237924"
"2016-09-28 16:40:00","1.1025544855"
"2016-09-28 17:00:00","1.12227711245"
"2016-09-28 17:20:00","1.00758270966"
"2016-09-28 17:40:00","1.12680896587"
"2016-09-28 18:00:00","1.15672045816"
"2016-09-28 18:20:00","0.974922710716"
"2016-09-28 18:40:00","1.10679527007"
"2016-09-28 19:00:00","1.03785089519"
"2016-09-28 19:20:00","1.57011371519"
"2016-09-28 19:40:00","0.970903516361"
"2016-09-28 20:00:00","0.613949407516"
"2016-09-28 20:20:00","0.525099949045"
"2016-09-28 20:40:00","0.877389978005"
"2016-09-28 21:00:00","0.926060231186"
"2016-09-28 21:20:00","1.27927141099"
"2016-09-28 21:40:00","1.08846305675"
"2016-09-28 22:00:00","0.866401301441"
"2016-09-28 22:20:00","1.34824293774"
"2016-09-28 22:40:00","0.929431945292"
"2016-09-28 23:00:00","0.915318992588"
"2016-09-28 23:20:00","0.292333057832"
"2016-09-28 23:40:00","0.199712206447"
"2016-09-29 00:00:00","1.29099130489"
"2016-09-29 00:20:00","1.16254092361"
"2016-09-29 00:40:00","1.88197768232"
"2016-09-29 01:00:00","1.2168053305"
"2016-09-29 01:20:00","0.721393028248"
"2016-09-29 01:40:00","0.631798924847"
"2016-09-29 02:00:00","1.99821125461"
"2016-09-29 02:20:00","0.679622155711"
"2016-09-29 02:40:00","0.653843889377"
"2016-09-29 03:00:00","0.855960144154"
"2016-09-29 03:20:00","0.572189434619"
"2016-09-29 03:40:00","0.369307501215"
"2016-09-29 04:00:00","0.194665030296"
"2016-09-29 04:20:00","0.458225129489"
"2016-09-29 04:40:00","0.405004610952"
"2016-09-29 05:00:00","0.379014101591"
"2016-09-29 05:20:00","0.76748756588"
"2016-09-29 05:40:00","0.373460971371"
"2016-09-29 06:00:00","0.451509926234"
"2016-09-29 06:20:00","0.488227752165"
"2016-09-29 06:40:00","0.560859110328"
"2016-09-29 07:00:00","0.713921178604"
"2016-09-29 07:20:00","0.697355806331"
"2016-09-29 07:40:00","0.659778829537"
"2016-09-29 08:00:00","0.99849034364"
"2016-09-29 08:20:00","0.992776038531"
"2016-09-29 08:40:00","1.14632989387"
"2016-09-29 09:00:00","1.29955503247"
"2016-09-29 09:20:00","1.20475489641"
"2016-09-29 09:40:00","1.3682306012"
"2016-09-29 10:00:00","1.03287331589"
"2016-09-29 10:20:00","1.21871636827"
"2016-09-29 10:40:00","1.00758954782"
"2016-09-29 11:00:00","1.18786052923"
"2016-09-29 11:20:00","1.03785569502"
"2016-09-29 11:40:00","0.907693084312"
"2016-09-29 12:00:00","1.1024855349"
"2016-09-29 12:20:00","0.902112433157"
"2016-09-29 12:40:00","0.90901419414"
"2016-09-29 13:00:00","0.79875012933"
"2016-09-29 13:20:00","0.732292754927"
"2016-09-29 13:40:00","0.906281370243"
"2016-09-29 14:00:00","0.958367276812"
"2016-09-29 14:20:00","0.838463432177"
"2016-09-29 14:40:00","0.82424584605"
"2016-09-29 15:00:00","0.963864247032"
"2016-09-29 15:20:00","0.864314482108"
"2016-09-29 15:40:00","0.998847012778"
"2016-09-29 16:00:00","1.05280642572"
"2016-09-29 16:20:00","1.26443779522"
"2016-09-29 16:40:00","0.962105387574"
"2016-09-29 17:00:00","1.11691153679"
"2016-09-29 17:20:00","1.31637750279"
"2016-09-29 17:40:00","1.46591005798"
"2016-09-29 18:00:00","1.14837119546"
"2016-09-29 18:20:00","1.04634542429"
"2016-09-29 18:40:00","0.922844905579"
"2016-09-29 19:00:00","0.271275477185"
"2016-09-29 19:20:00","0.697707758091"
"2016-09-29 19:40:00","0.345512962835"
"2016-09-29 20:00:00","0.397499556385"
"2016-09-29 20:20:00","1.2831646617"
"2016-09-29 20:40:00","0.578064374049"
"2016-09-29 21:00:00","0.535587788102"
"2016-09-29 21:20:00","0.881084058949"
"2016-09-29 21:40:00","0.974393888657"
"2016-09-29 22:00:00","0.85803160734"
"2016-09-29 22:20:00","1.12391607704"
"2016-09-29 22:40:00","0.909518590313"
"2016-09-29 23:00:00","0.94780346705"
"2016-09-29 23:20:00","0.156926178974"
"2016-09-29 23:40:00","0.136830625154"
"2016-09-30 00:00:00","2.28333127013"
"2016-09-30 00:20:00","4.19294662854"
"2016-09-30 00:40:00","4.46675878533"
"2016-09-30 01:00:00","0.657676959696"
"2016-09-30 01:20:00","0.865519349483"
"2016-09-30 01:40:00","0.751156245447"
"2016-09-30 02:00:00","0.448933839278"
"2016-09-30 02:20:00","1.45433059543"
"2016-09-30 02:40:00","1.00479719111"
"2016-09-30 03:00:00","0.326913100387"
"2016-09-30 03:20:00","1.01806066088"
"2016-09-30 03:40:00","0.374193741741"
"2016-09-30 04:00:00","0.592891073455"
"2016-09-30 04:20:00","0.560821779999"
"2016-09-30 04:40:00","0.371843159585"
"2016-09-30 05:00:00","0.532323312532"
"2016-09-30 05:20:00","0.380752039381"
"2016-09-30 05:40:00","0.31463229399"
"2016-09-30 06:00:00","0.465040431828"
"2016-09-30 06:20:00","0.680357754715"
"2016-09-30 06:40:00","0.614434058732"
"2016-09-30 07:00:00","0.803716334497"
"2016-09-30 07:20:00","0.699779095911"
"2016-09-30 07:40:00","0.723516782407"
"2016-09-30 08:00:00","0.854489866203"
"2016-09-30 08:20:00","0.899334688573"
"2016-09-30 08:40:00","1.08476658958"
"2016-09-30 09:00:00","0.917384950124"
"2016-09-30 09:20:00","1.1256488741"
"2016-09-30 09:40:00","1.07681611767"
"2016-09-30 10:00:00","1.04831865449"
"2016-09-30 10:20:00","1.10024354203"
"2016-09-30 10:40:00","1.09784558343"
"2016-09-30 11:00:00","1.20842012347"
"2016-09-30 11:20:00","0.994912193201"
"2016-09-30 11:40:00","1.01377122078"
"2016-09-30 12:00:00","1.01846586532"
"2016-09-30 12:20:00","1.19808768548"
"2016-09-30 12:40:00","1.10490854575"
"2016-09-30 13:00:00","1.53787010742"
"2016-09-30 13:20:00","1.10981388453"
"2016-09-30 13:40:00","1.32398191974"
"2016-09-30 14:00:00","1.39823463588"
"2016-09-30 14:20:00","1.39657624801"
"2016-09-30 14:40:00","1.46736156644"
"2016-09-30 15:00:00","1.01031186343"
"2016-09-30 15:20:00","1.28190123558"
"2016-09-30 15:40:00","1.25923957138"
"2016-09-30 16:00:00","1.05794514046"
"2016-09-30 16:20:00","1.35971185195"
"2016-09-30 16:40:00","1.27712412876"
"2016-09-30 17:00:00","0.915943176065"
"2016-09-30 17:20:00","1.47358492603"
"2016-09-30 17:40:00","1.65354494082"
"2016-09-30 18:00:00","0.523119261995"
"2016-09-30 18:20:00","0.754248648472"
"2016-09-30 18:40:00","0.471449071372"
"2016-09-30 19:00:00","0.484140625868"
"2016-09-30 19:20:00","0.428040146068"
"2016-09-30 19:40:00","0.611083541604"
"2016-09-30 20:00:00","0.346612221444"
"2016-09-30 20:20:00","0.420898748303"
"2016-09-30 20:40:00","0.730104504801"
"2016-09-30 21:00:00","0.349477928837"
"2016-09-30 21:20:00","0.532376283494"
"2016-09-30 21:40:00","0.72879489428"
"2016-09-30 22:00:00","0.455742466032"
"2016-09-30 22:20:00","1.39508200624"
"2016-09-30 22:40:00","0.701004180584"
"2016-09-30 23:00:00","1.21209634473"
"2016-09-30 23:20:00","0.259799706216"
"2016-09-30 23:40:00","0.281417502942"
"2016-10-01 00:00:00","0.369861699824"
"2016-10-01 00:20:00","0.500987636518"
"2016-10-01 00:40:00","0.651337236204"
"2016-10-01 01:00:00","0.224397574172"
"2016-10-01 01:20:00","1.04578857415"
"2016-10-01 01:40:00","1.72541967847"
"2016-10-01 02:00:00","0.274687375816"
"2016-10-01 02:20:00","1.04087421641"
"2016-10-01 02:40:00","1.77543902249"
"2016-10-01 03:00:00","0.981119432674"
"2016-10-01 03:20:00","1.38589195575"
"2016-10-01 03:40:00","1.90857151118"
"2016-10-01 04:00:00","1.87235247521"
"2016-10-01 04:20:00","0.539770222799"
"2016-10-01 04:40:00","0.7741165977"
"2016-10-01 05:00:00","1.72069601791"
"2016-10-01 05:20:00","1.4106316085"
"2016-10-01 05:40:00","1.14830743765"
"2016-10-01 06:00:00","1.37019191164"
"2016-10-01 06:20:00","1.69707419619"
"2016-10-01 06:40:00","1.0789165631"
"2016-10-01 07:00:00","1.07075014527"
"2016-10-01 07:20:00","0.734346280797"
"2016-10-01 07:40:00","1.3395692101"
"2016-10-01 08:00:00","0.858051678113"
"2016-10-01 08:20:00","0.564058875769"
"2016-10-01 08:40:00","0.800350099857"
"2016-10-01 09:00:00","0.763842653478"
"2016-10-01 09:20:00","0.441818671656"
"2016-10-01 09:40:00","0.924255707301"
"2016-10-01 10:00:00","0.530690044527"
"2016-10-01 10:20:00","0.694605183988"
"2016-10-01 10:40:00","0.688303149764"
"2016-10-01 11:00:00","1.11589850748"
"2016-10-01 11:20:00","0.553108878695"
"2016-10-01 11:40:00","0.873953500161"
"2016-10-01 12:00:00","0.954285398403"
"2016-10-01 12:20:00","0.767274590462"
"2016-10-01 12:40:00","1.13202776299"
"2016-10-01 13:00:00","0.663023593836"
"2016-10-01 13:20:00","0.60307949603"
"2016-10-01 13:40:00","0.839291188059"
"2016-10-01 14:00:00","0.675399060963"
"2016-10-01 14:20:00","0.500162241008"
"2016-10-01 14:40:00","1.18817742058"
"2016-10-01 15:00:00","1.11427425022"
"2016-10-01 15:20:00","0.828682066884"
"2016-10-01 15:40:00","1.30972433567"
"2016-10-01 16:00:00","0.571856758027"
"2016-10-01 16:20:00","0.587491419989"
"2016-10-01 16:40:00","0.640821655246"
"2016-10-01 17:00:00","0.815644920484"
"2016-10-01 17:20:00","0.944195951919"
"2016-10-01 17:40:00","0.504430760403"
"2016-10-01 18:00:00","1.05879942649"
"2016-10-01 18:20:00","0.593831282645"
"2016-10-01 18:40:00","0.641749542773"
"2016-10-01 19:00:00","1.53999910949"
"2016-10-01 19:20:00","0.867299578015"
"2016-10-01 19:40:00","1.48255307444"
"2016-10-01 20:00:00","1.1268572355"
"2016-10-01 20:20:00","1.33574046061"
"2016-10-01 20:40:00","1.43571243249"
"2016-10-01 21:00:00","1.42411052272"
"2016-10-01 21:20:00","2.86622965272"
"2016-10-01 21:40:00","1.63424842246"
"2016-10-01 22:00:00","2.11944574594"
"2016-10-01 22:20:00","1.87332556283"
"2016-10-01 22:40:00","0.903869800743"
"2016-10-01 23:00:00","0.83418940461"
"2016-10-01 23:20:00","0.158915944557"
"2016-10-01 23:40:00","0.446229142396"
"2016-10-02 00:00:00","1.24912333088"
"2016-10-02 00:20:00","1.27147811727"
"2016-10-02 00:40:00","2.21042643484"
"2016-10-02 01:00:00","1.45593624995"
"2016-10-02 01:20:00","3.20605692905"
"2016-10-02 01:40:00","0.835313102171"
"2016-10-02 02:00:00","4.52191747965"
"2016-10-02 02:20:00","0.884514822062"
"2016-10-02 02:40:00","0.839865881342"
"2016-10-02 03:00:00","0.73195637571"
"2016-10-02 03:20:00","0.97475895917"
"2016-10-02 03:40:00","3.12780035573"
"2016-10-02 04:00:00","1.97428178424"
"2016-10-02 04:20:00","2.32114930415"
"2016-10-02 04:40:00","2.44226961869"
"2016-10-02 05:00:00","1.2662336443"
"2016-10-02 05:20:00","1.65533300997"
"2016-10-02 05:40:00","2.51331865344"
"2016-10-02 06:00:00","0.572756517017"
"2016-10-02 06:20:00","1.58347018991"
"2016-10-02 06:40:00","0.707829139702"
"2016-10-02 07:00:00","0.896811116112"
"2016-10-02 07:20:00","1.00870746832"
"2016-10-02 07:40:00","0.756141618915"
"2016-10-02 08:00:00","0.611039435484"
"2016-10-02 08:20:00","0.639789002609"
"2016-10-02 08:40:00","0.360319008642"
"2016-10-02 09:00:00","1.15465866658"
"2016-10-02 09:20:00","1.04602764978"
"2016-10-02 09:40:00","0.711864319357"
"2016-10-02 10:00:00","0.941274008849"
"2016-10-02 10:20:00","1.03997130092"
"2016-10-02 10:40:00","1.2005683089"
"2016-10-02 11:00:00","1.27849128701"
"2016-10-02 11:20:00","0.862780131157"
"2016-10-02 11:40:00","1.67039158164"
"2016-10-02 12:00:00","0.947632928078"
"2016-10-02 12:20:00","0.553557791746"
"2016-10-02 12:40:00","0.764674001221"
"2016-10-02 13:00:00","0.616016998415"
"2016-10-02 13:20:00","0.924627293207"
"2016-10-02 13:40:00","0.76374580701"
"2016-10-02 14:00:00","0.57430809957"
"2016-10-02 14:20:00","1.38509867508"
"2016-10-02 14:40:00","0.899455230868"
"2016-10-02 15:00:00","1.10061253259"
"2016-10-02 15:20:00","0.95728733514"
"2016-10-02 15:40:00","1.41671697674"
"2016-10-02 16:00:00","0.593459864842"
"2016-10-02 16:20:00","0.852564398966"
"2016-10-02 16:40:00","1.12396309829"
"2016-10-02 17:00:00","0.430179213062"
"2016-10-02 17:20:00","1.16969602981"
"2016-10-02 17:40:00","0.632308382997"
"2016-10-02 18:00:00","0.647283157416"
"2016-10-02 18:20:00","1.23627727417"
"2016-10-02 18:40:00","0.439738055969"
"2016-10-02 19:00:00","1.34888127129"
"2016-10-02 19:20:00","0.909703450469"
"2016-10-02 19:40:00","1.8609488882"
"2016-10-02 20:00:00","1.91815743313"
"2016-10-02 20:20:00","1.33148897188"
"2016-10-02 20:40:00","1.69491539461"
"2016-10-02 21:00:00","1.11632677338"
"2016-10-02 21:20:00","1.4681545952"
"2016-10-02 21:40:00","0.559435259783"
"2016-10-02 22:00:00","1.45354113556"
"2016-10-02 22:20:00","2.50270929724"
"2016-10-02 22:40:00","1.93176051374"
"2016-10-02 23:00:00","1.00464009917"
"2016-10-02 23:20:00","0.127062940843"
"2016-10-02 23:40:00","0.144121272249"
"2016-10-03 00:00:00","1.18200258678"
"2016-10-03 00:20:00","1.65467487832"
"2016-10-03 00:40:00","2.32215884212"
"2016-10-03 01:00:00","2.8202108917"
"2016-10-03 01:20:00","1.4840031866"
"2016-10-03 01:40:00","1.2866136135"
"2016-10-03 02:00:00","1.71860325264"
"2016-10-03 02:20:00","2.69972395489"
"2016-10-03 02:40:00","1.93601900011"
"2016-10-03 03:00:00","2.79437891075"
"2016-10-03 03:20:00","2.22015124116"
"2016-10-03 03:40:00","1.89741027427"
"2016-10-03 04:00:00","1.49674101336"
"2016-10-03 04:20:00","2.45477433377"
"2016-10-03 04:40:00","2.47539438613"
"2016-10-03 05:00:00","1.2019869158"
"2016-10-03 05:20:00","1.04987739784"
"2016-10-03 05:40:00","0.483446361309"
"2016-10-03 06:00:00","0.660398139233"
"2016-10-03 06:20:00","1.36854639268"
"2016-10-03 06:40:00","1.22317106198"
"2016-10-03 07:00:00","0.630479597617"
"2016-10-03 07:20:00","0.630920908787"
"2016-10-03 07:40:00","0.669160957628"
"2016-10-03 08:00:00","0.553075751828"
"2016-10-03 08:20:00","0.578245647876"
"2016-10-03 08:40:00","0.713936805393"
"2016-10-03 09:00:00","0.726920553537"
"2016-10-03 09:20:00","0.95373256097"
"2016-10-03 09:40:00","0.732307602374"
"2016-10-03 10:00:00","0.639797390586"
"2016-10-03 10:20:00","1.59074557543"
"2016-10-03 10:40:00","1.15582794981"
"2016-10-03 11:00:00","1.50168208915"
"2016-10-03 11:20:00","1.22870794169"
"2016-10-03 11:40:00","1.10248496186"
"2016-10-03 12:00:00","0.93521718421"
"2016-10-03 12:20:00","1.18347881782"
"2016-10-03 12:40:00","1.22343169717"
"2016-10-03 13:00:00","0.969086000284"
"2016-10-03 13:20:00","1.05309540197"
"2016-10-03 13:40:00","0.881089221433"
"2016-10-03 14:00:00","1.2692247603"
"2016-10-03 14:20:00","0.919082787139"
"2016-10-03 14:40:00","1.16463628535"
"2016-10-03 15:00:00","0.998071623505"
"2016-10-03 15:20:00","1.55497280416"
"2016-10-03 15:40:00","1.03210858371"
"2016-10-03 16:00:00","1.07663942898"
"2016-10-03 16:20:00","0.913714077441"
"2016-10-03 16:40:00","1.02965098628"
"2016-10-03 17:00:00","0.680935952325"
"2016-10-03 17:20:00","0.462032613336"
"2016-10-03 17:40:00","0.382955441432"
"2016-10-03 18:00:00","0.745179255716"
"2016-10-03 18:20:00","1.27211139806"
"2016-10-03 18:40:00","0.756999137663"
"2016-10-03 19:00:00","0.831763360285"
"2016-10-03 19:20:00","0.630273606384"
"2016-10-03 19:40:00","1.36068105115"
"2016-10-03 20:00:00","0.869185568711"
"2016-10-03 20:20:00","1.42025490333"
"2016-10-03 20:40:00","1.18550039391"
"2016-10-03 21:00:00","0.730162874589"
"2016-10-03 21:20:00","1.24447650549"
"2016-10-03 21:40:00","0.998945043574"
"2016-10-03 22:00:00","0.368793271788"
"2016-10-03 22:20:00","0.77029886852"
"2016-10-03 22:40:00","1.89612856751"
"2016-10-03 23:00:00","1.06511070999"
"2016-10-03 23:20:00","0.0512586653244"
"2016-10-04 00:00:00","2.69188572653"
"2016-10-04 00:20:00","1.1580864685"
"2016-10-04 00:40:00","1.82571216839"
"2016-10-04 01:00:00","0.412297745918"
"2016-10-04 01:40:00","0.487613698889"
"2016-10-04 02:00:00","1.2945702133"
"2016-10-04 02:20:00","3.38713633415"
"2016-10-04 02:40:00","1.52833484573"
"2016-10-04 03:00:00","2.43011754096"
"2016-10-04 03:20:00","2.33490315609"
"2016-10-04 03:40:00","2.54413602322"
"2016-10-04 04:00:00","4.12415132428"
"2016-10-04 04:20:00","2.25213204698"
"2016-10-04 04:40:00","1.07763263514"
"2016-10-04 05:00:00","2.73449870248"
"2016-10-04 05:20:00","2.45191980684"
"2016-10-04 05:40:00","1.92409573785"
"2016-10-04 06:00:00","1.25327869256"
"2016-10-04 06:20:00","2.14263975147"
"2016-10-04 06:40:00","1.19414458053"
"2016-10-04 07:00:00","0.453371530086"
"2016-10-04 07:20:00","1.01882590432"
"2016-10-04 07:40:00","1.08746478803"
"2016-10-04 08:00:00","0.723863045784"
"2016-10-04 08:20:00","0.833678868257"
"2016-10-04 08:40:00","1.28621656544"
"2016-10-04 09:00:00","0.939200657904"
"2016-10-04 09:20:00","0.898850552899"
"2016-10-04 09:40:00","0.88502581985"
"2016-10-04 10:00:00","0.709675222175"
"2016-10-04 10:20:00","1.09147595743"
"2016-10-04 10:40:00","0.996643068193"
"2016-10-04 11:00:00","0.825771244719"
"2016-10-04 11:20:00","0.809096534176"
"2016-10-04 11:40:00","1.24605069317"
"2016-10-04 12:00:00","1.07151725966"
"2016-10-04 12:20:00","0.948143620971"
"2016-10-04 12:40:00","1.18468618712"
"2016-10-04 13:00:00","0.359076094424"
"2016-10-04 13:20:00","1.0996490137"
"2016-10-04 13:40:00","1.28450279861"
"2016-10-04 14:00:00","0.983592533583"
"2016-10-04 14:20:00","1.22915301836"
"2016-10-04 14:40:00","1.08738434972"
"2016-10-04 15:00:00","0.84365529282"
"2016-10-04 15:20:00","1.24025457835"
"2016-10-04 15:40:00","1.10959933438"
"2016-10-04 16:00:00","0.718109521278"
"2016-10-04 16:20:00","0.69289790917"
"2016-10-04 16:40:00","1.00215784073"
"2016-10-04 17:00:00","0.410206227009"
"2016-10-04 17:20:00","0.350338253125"
"2016-10-04 17:40:00","0.938424288802"
"2016-10-04 18:00:00","0.823682466638"
"2016-10-04 18:20:00","0.645275644757"
"2016-10-04 18:40:00","0.468988649126"
"2016-10-04 19:00:00","1.2241839081"
"2016-10-04 19:20:00","0.873621422916"
"2016-10-04 19:40:00","1.20727439967"
"2016-10-04 20:00:00","0.758894638031"
"2016-10-04 20:20:00","0.727668562139"
"2016-10-04 20:40:00","0.943831782035"
"2016-10-04 21:00:00","0.558720967314"
"2016-10-04 21:20:00","0.82923280059"
"2016-10-04 21:40:00","1.47294498273"
"2016-10-04 22:00:00","0.411233939043"
"2016-10-04 22:20:00","0.78287014972"
"2016-10-04 22:40:00","1.21082458921"
"2016-10-04 23:00:00","0.834550941907"
"2016-10-04 23:20:00","1.00875811874"
"2016-10-04 23:40:00","1.12627252947"
"2016-10-05 00:00:00","2.21754236238"
"2016-10-05 00:20:00","2.39615059262"
"2016-10-05 00:40:00","0.522530470001"
"2016-10-05 01:00:00","0.0674960987322"
"2016-10-05 01:20:00","0.166271510108"
"2016-10-05 01:40:00","1.95752806771"
"2016-10-05 02:00:00","2.15761702217"
"2016-10-05 02:20:00","1.6867331386"
"2016-10-05 02:40:00","1.01025138397"
"2016-10-05 03:00:00","2.39228208102"
"2016-10-05 03:20:00","0.576422696042"
"2016-10-05 03:40:00","4.04500476213"
"2016-10-05 04:00:00","0.673826663051"
"2016-10-05 04:20:00","0.861771997081"
"2016-10-05 04:40:00","4.43254165605"
"2016-10-05 05:00:00","1.93915679688"
"2016-10-05 05:20:00","1.42564481491"
"2016-10-05 05:40:00","2.00059337677"
"2016-10-05 06:00:00","2.53392720163"
"2016-10-05 06:20:00","2.243036276"
"2016-10-05 06:40:00","1.43380558571"
"2016-10-05 07:00:00","1.06717305721"
"2016-10-05 07:20:00","0.896493924927"
"2016-10-05 07:40:00","0.649927124881"
"2016-10-05 08:00:00","0.915877470676"
"2016-10-05 08:20:00","0.864258253786"
"2016-10-05 08:40:00","0.825480321411"
"2016-10-05 09:00:00","1.17460153916"
"2016-10-05 09:20:00","1.12715381645"
"2016-10-05 09:40:00","0.711834420707"
"2016-10-05 10:00:00","0.618585465523"
"2016-10-05 10:20:00","1.45190146441"
"2016-10-05 10:40:00","1.29132209407"
"2016-10-05 11:00:00","1.05331914686"
"2016-10-05 11:20:00","1.31211441746"
"2016-10-05 11:40:00","0.650500550231"
"2016-10-05 12:00:00","1.32981430667"
"2016-10-05 12:20:00","0.815212684788"
"2016-10-05 12:40:00","1.03476729947"
"2016-10-05 13:00:00","1.31190505908"
"2016-10-05 13:20:00","1.3318747695"
"2016-10-05 13:40:00","1.2343952591"
"2016-10-05 14:00:00","1.23811659406"
"2016-10-05 14:20:00","1.26595524499"
"2016-10-05 14:40:00","1.25785379685"
"2016-10-05 15:00:00","0.76172158589"
"2016-10-05 15:20:00","0.717858345565"
"2016-10-05 15:40:00","0.875704754191"
"2016-10-05 16:00:00","1.17593229242"
"2016-10-05 16:20:00","1.07889414525"
"2016-10-05 16:40:00","0.632356257405"
"2016-10-05 17:00:00","0.370731836206"
"2016-10-05 17:20:00","0.718434163261"
"2016-10-05 17:40:00","0.55999404453"
"2016-10-05 18:00:00","0.493676822303"
"2016-10-05 18:20:00","0.266028770526"
"2016-10-05 18:40:00","0.549214302821"
"2016-10-05 19:00:00","0.805352571015"
"2016-10-05 19:20:00","0.861631669088"
"2016-10-05 19:40:00","0.800444774915"
"2016-10-05 20:00:00","0.911955519591"
"2016-10-05 20:20:00","1.07073277598"
"2016-10-05 20:40:00","1.02246375967"
"2016-10-05 21:00:00","1.01045803399"
"2016-10-05 21:20:00","0.545554807357"
"2016-10-05 21:40:00","0.868530038545"
"2016-10-05 22:00:00","0.251198871535"
"2016-10-05 22:20:00","0.287672074365"
"2016-10-05 22:40:00","1.31297234262"
"2016-10-05 23:00:00","0.390241758203"
"2016-10-05 23:20:00","0.763818619764"
"2016-10-05 23:40:00","1.87055054352"
"2016-10-06 00:00:00","1.93667431287"
"2016-10-06 00:20:00","1.78476054541"
"2016-10-06 00:40:00","1.16734079771"
"2016-10-06 01:00:00","0.126452829687"
"2016-10-06 01:20:00","0.158405366617"
"2016-10-06 01:40:00","0.471019515419"
"2016-10-06 02:00:00","1.67399367914"
"2016-10-06 02:20:00","1.10564811848"
"2016-10-06 02:40:00","1.00755378348"
"2016-10-06 03:00:00","2.99568299807"
"2016-10-06 03:20:00","1.71243450497"
"2016-10-06 03:40:00","0.990331821713"
"2016-10-06 04:00:00","0.666372828282"
"2016-10-06 04:20:00","2.60608158153"
"2016-10-06 04:40:00","3.10156142801"
"2016-10-06 05:00:00","4.20709598045"
"2016-10-06 05:20:00","2.5763889423"
"2016-10-06 05:40:00","1.78934080586"
"2016-10-06 06:00:00","2.53056655548"
"2016-10-06 06:20:00","1.11015974206"
"2016-10-06 06:40:00","2.02305063779"
"2016-10-06 07:00:00","1.54997101389"
"2016-10-06 07:20:00","1.07895333474"
"2016-10-06 07:40:00","0.859643100642"
"2016-10-06 08:00:00","0.956105125388"
"2016-10-06 08:20:00","0.708384797846"
"2016-10-06 08:40:00","0.866039315698"
"2016-10-06 09:00:00","0.948939174492"
"2016-10-06 09:20:00","0.636932022778"
"2016-10-06 09:40:00","1.00504772127"
"2016-10-06 10:00:00","1.12418799336"
"2016-10-06 10:20:00","1.12324734628"
"2016-10-06 10:40:00","1.37253500892"
"2016-10-06 11:00:00","0.996543295825"
"2016-10-06 11:20:00","0.971920513859"
"2016-10-06 11:40:00","0.791425767073"
"2016-10-06 12:00:00","1.76317154941"
"2016-10-06 12:20:00","1.16435064728"
"2016-10-06 12:40:00","1.13117732591"
"2016-10-06 13:00:00","1.5435634256"
"2016-10-06 13:20:00","0.942183626468"
"2016-10-06 13:40:00","1.14408928761"
"2016-10-06 14:00:00","1.06914101823"
"2016-10-06 14:20:00","0.718999078335"
"2016-10-06 14:40:00","0.969366267128"
"2016-10-06 15:00:00","0.911973454575"
"2016-10-06 15:20:00","1.18696847121"
"2016-10-06 15:40:00","0.866098515115"
"2016-10-06 16:00:00","0.678474371748"
"2016-10-06 16:20:00","0.776696323557"
"2016-10-06 16:40:00","0.891099613088"
"2016-10-06 17:00:00","0.781910483106"
"2016-10-06 17:20:00","0.449616607918"
"2016-10-06 17:40:00","0.747977328646"
"2016-10-06 18:00:00","0.593196838667"
"2016-10-06 18:20:00","0.63203117634"
"2016-10-06 18:40:00","0.179410005588"
"2016-10-06 19:00:00","0.611144901416"
"2016-10-06 19:20:00","0.657595210496"
"2016-10-06 19:40:00","0.650919487031"
"2016-10-06 20:00:00","0.605062662128"
"2016-10-06 20:20:00","0.651502562122"
"2016-10-06 20:40:00","1.00615722557"
"2016-10-06 21:00:00","1.09184393345"
"2016-10-06 21:20:00","0.421490737675"
"2016-10-06 21:40:00","0.950331237114"
"2016-10-06 22:00:00","1.09189701056"
"2016-10-06 22:20:00","1.25426004984"
"2016-10-06 22:40:00","0.726253587721"
"2016-10-06 23:00:00","1.13568860543"
"2016-10-06 23:20:00","0.924514935378"
"2016-10-06 23:40:00","1.5471199817"
"2016-10-07 00:00:00","2.23437182132"
"2016-10-07 00:20:00","2.68015654254"
"2016-10-07 00:40:00","0.710285391299"
"2016-10-07 01:00:00","0.25257735259"
"2016-10-07 01:20:00","0.157448647406"
"2016-10-07 01:40:00","0.924295144984"
"2016-10-07 02:00:00","1.22652229183"
"2016-10-07 02:20:00","1.07025605323"
"2016-10-07 02:40:00","0.48128685193"
"2016-10-07 03:00:00","0.569929007857"
"2016-10-07 03:20:00","1.64405351794"
"2016-10-07 03:40:00","2.39161766468"
"2016-10-07 04:00:00","1.91766034625"
"2016-10-07 04:20:00","2.48838041083"
"2016-10-07 04:40:00","1.97260011322"
"2016-10-07 05:00:00","1.553361731"
"2016-10-07 05:20:00","2.20234193894"
"2016-10-07 05:40:00","2.35992141997"
"2016-10-07 06:00:00","1.8713071851"
"2016-10-07 06:20:00","3.10462889395"
"2016-10-07 06:40:00","1.94349727233"
"2016-10-07 07:00:00","1.34318159012"
"2016-10-07 07:20:00","0.963409312465"
"2016-10-07 07:40:00","1.01293232663"
"2016-10-07 08:00:00","0.811569203183"
"2016-10-07 08:20:00","1.17186673528"
"2016-10-07 08:40:00","0.609071232175"
"2016-10-07 09:00:00","1.00694086208"
"2016-10-07 09:20:00","0.996422949024"
"2016-10-07 09:40:00","0.93200646246"
"2016-10-07 10:00:00","1.08410061956"
"2016-10-07 10:20:00","0.941915111954"
"2016-10-07 10:40:00","1.247276196"
"2016-10-07 11:00:00","0.803348617287"
"2016-10-07 11:20:00","0.873207577752"
"2016-10-07 11:40:00","0.979500588333"
"2016-10-07 12:00:00","1.02180369833"
"2016-10-07 12:20:00","0.757453541977"
"2016-10-07 12:40:00","1.08969948164"
"2016-10-07 13:00:00","1.12475580408"
"2016-10-07 13:20:00","1.0383486495"
"2016-10-07 13:40:00","1.13697225419"
"2016-10-07 14:00:00","0.717255942711"
"2016-10-07 14:20:00","0.768162734036"
"2016-10-07 14:40:00","0.815894295367"
"2016-10-07 15:00:00","0.862754295072"
"2016-10-07 15:20:00","0.613219893423"
"2016-10-07 15:40:00","0.926819788579"
"2016-10-07 16:00:00","0.402518802868"
"2016-10-07 16:20:00","0.444238926622"
"2016-10-07 16:40:00","0.897723877014"
"2016-10-07 17:00:00","0.424940845803"
"2016-10-07 17:20:00","0.482872995663"
"2016-10-07 17:40:00","0.573905369032"
"2016-10-07 18:00:00","0.49190832811"
"2016-10-07 18:20:00","0.527814027037"
"2016-10-07 18:40:00","0.554441401213"
"2016-10-07 19:00:00","0.462738380051"
"2016-10-07 19:20:00","0.721635802401"
"2016-10-07 19:40:00","0.708316649307"
"2016-10-07 20:00:00","0.400012682637"
"2016-10-07 20:20:00","0.919705923517"
"2016-10-07 20:40:00","0.49814015436"
"2016-10-07 21:00:00","0.334420485959"
"2016-10-07 21:20:00","0.455323096216"
"2016-10-07 21:40:00","0.496855431918"
"2016-10-07 22:00:00","0.309295767046"
"2016-10-07 22:20:00","0.693413501278"
"2016-10-07 22:40:00","0.440649512127"
"2016-10-07 23:00:00","0.448469686671"
"2016-10-07 23:20:00","0.341775954737"
"2016-10-07 23:40:00","0.935249373186"
"2016-10-08 00:00:00","3.36835272473"
"2016-10-08 00:20:00","2.63109430341"
"2016-10-08 00:40:00","1.2395101252"
"2016-10-08 01:00:00","0.33912144279"
"2016-10-08 01:20:00","0.318747567412"
"2016-10-08 01:40:00","0.919414690292"
"2016-10-08 02:00:00","1.11205774052"
"2016-10-08 02:20:00","0.812444494643"
"2016-10-08 02:40:00","0.536317123692"
"2016-10-08 03:00:00","0.207606937853"
"2016-10-08 03:20:00","1.17027577297"
"2016-10-08 03:40:00","0.999866937757"
"2016-10-08 04:00:00","1.09416055792"
"2016-10-08 04:20:00","0.691511417095"
"2016-10-08 04:40:00","0.857715752932"
"2016-10-08 05:00:00","0.794631105185"
"2016-10-08 05:20:00","0.344923884247"
"2016-10-08 05:40:00","1.12234722272"
"2016-10-08 06:00:00","0.623841368777"
"2016-10-08 06:20:00","0.896986501631"
"2016-10-08 06:40:00","1.12078573786"
"2016-10-08 07:00:00","1.16017558338"
"2016-10-08 07:20:00","1.38242204369"
"2016-10-08 07:40:00","1.53993339074"
"2016-10-08 08:00:00","1.57319568617"
"2016-10-08 08:20:00","1.3560247182"
"2016-10-08 08:40:00","1.30552183056"
"2016-10-08 09:00:00","1.18218730058"
"2016-10-08 09:20:00","1.12041800869"
"2016-10-08 09:40:00","0.949942282672"
"2016-10-08 10:00:00","0.741112484627"
"2016-10-08 10:20:00","0.970096808065"
"2016-10-08 10:40:00","0.866178070581"
"2016-10-08 11:00:00","1.04777290001"
"2016-10-08 11:20:00","0.86454041693"
"2016-10-08 11:40:00","0.988593053697"
"2016-10-08 12:00:00","0.788305624722"
"2016-10-08 12:20:00","0.997463558358"
"2016-10-08 12:40:00","0.958498776865"
"2016-10-08 13:00:00","1.10591347522"
"2016-10-08 13:20:00","1.01823981567"
"2016-10-08 13:40:00","1.22725683612"
"2016-10-08 14:00:00","0.970861695607"
"2016-10-08 14:20:00","1.09567267593"
"2016-10-08 14:40:00","1.1012083411"
"2016-10-08 15:00:00","1.00544327447"
"2016-10-08 15:20:00","0.979976745224"
"2016-10-08 15:40:00","1.04534751143"
"2016-10-08 16:00:00","0.852016938147"
"2016-10-08 16:20:00","1.14986730483"
"2016-10-08 16:40:00","1.17983951257"
"2016-10-08 17:00:00","1.07655454834"
"2016-10-08 17:20:00","1.06000295688"
"2016-10-08 17:40:00","1.11418930151"
"2016-10-08 18:00:00","0.806461223427"
"2016-10-08 18:20:00","1.00599600031"
"2016-10-08 18:40:00","1.31213771606"
"2016-10-08 19:00:00","0.860485108279"
"2016-10-08 19:20:00","0.909897522313"
"2016-10-08 19:40:00","0.829328808235"
"2016-10-08 20:00:00","1.0384164002"
"2016-10-08 20:20:00","0.699857488496"
"2016-10-08 20:40:00","0.751510246152"
"2016-10-08 21:00:00","0.671525120292"
"2016-10-08 21:20:00","0.752431859688"
"2016-10-08 21:40:00","0.960499582659"
"2016-10-08 22:00:00","0.7018473581"
"2016-10-08 22:20:00","0.684864333711"
"2016-10-08 22:40:00","0.523766361743"
"2016-10-08 23:00:00","0.381898326897"
"2016-10-08 23:20:00","0.692758599442"
"2016-10-08 23:40:00","0.222964487813"
"2016-10-09 00:00:00","2.00471966042"
"2016-10-09 00:20:00","1.48606616074"
"2016-10-09 00:40:00","0.484431959355"
"2016-10-09 01:00:00","0.142942637893"
"2016-10-09 01:20:00","0.0669826192376"
"2016-10-09 01:40:00","1.05866803564"
"2016-10-09 02:00:00","0.234080593988"
"2016-10-09 02:20:00","0.305359222201"
"2016-10-09 02:40:00","0.69023577789"
"2016-10-09 03:00:00","0.493139453308"
"2016-10-09 03:20:00","0.945657173176"
"2016-10-09 03:40:00","0.549928852238"
"2016-10-09 04:00:00","1.2859256091"
"2016-10-09 04:20:00","0.355504554676"
"2016-10-09 04:40:00","0.657133557518"
"2016-10-09 05:00:00","0.44362877886"
"2016-10-09 05:20:00","0.707981773362"
"2016-10-09 05:40:00","1.41119460929"
"2016-10-09 06:00:00","0.855298930491"
"2016-10-09 06:20:00","1.00785828649"
"2016-10-09 06:40:00","1.28048127578"
"2016-10-09 07:00:00","0.927625627618"
"2016-10-09 07:20:00","1.07652232402"
"2016-10-09 07:40:00","1.17299822022"
"2016-10-09 08:00:00","1.38671323348"
"2016-10-09 08:20:00","1.15963471241"
"2016-10-09 08:40:00","0.978852057039"
"2016-10-09 09:00:00","0.992885292377"
"2016-10-09 09:20:00","0.917157952269"
"2016-10-09 09:40:00","0.788165196459"
"2016-10-09 10:00:00","0.854552890809"
"2016-10-09 10:20:00","0.87953231491"
"2016-10-09 10:40:00","1.06612237145"
"2016-10-09 11:00:00","0.809072392012"
"2016-10-09 11:20:00","0.990960512986"
"2016-10-09 11:40:00","1.08486945873"
"2016-10-09 12:00:00","1.0189739753"
"2016-10-09 12:20:00","1.03816051427"
"2016-10-09 12:40:00","0.979548251984"
"2016-10-09 13:00:00","1.2456178399"
"2016-10-09 13:20:00","0.981009316361"
"2016-10-09 13:40:00","1.14003281722"
"2016-10-09 14:00:00","1.25739252736"
"2016-10-09 14:20:00","1.23507211363"
"2016-10-09 14:40:00","0.860813988491"
"2016-10-09 15:00:00","1.05171738199"
"2016-10-09 15:20:00","1.02588768775"
"2016-10-09 15:40:00","1.00327603924"
"2016-10-09 16:00:00","1.08309502021"
"2016-10-09 16:20:00","1.12156542667"
"2016-10-09 16:40:00","1.35413903965"
"2016-10-09 17:00:00","0.951251977616"
"2016-10-09 17:20:00","1.10688460154"
"2016-10-09 17:40:00","1.17847717503"
"2016-10-09 18:00:00","0.939761778284"
"2016-10-09 18:20:00","1.15185611476"
"2016-10-09 18:40:00","1.20337727462"
"2016-10-09 19:00:00","0.907915636377"
"2016-10-09 19:20:00","0.881615038105"
"2016-10-09 19:40:00","0.909068531312"
"2016-10-09 20:00:00","1.09470937"
"2016-10-09 20:20:00","0.983440952036"
"2016-10-09 20:40:00","0.875091955788"
"2016-10-09 21:00:00","0.867106515002"
"2016-10-09 21:20:00","0.983139900812"
"2016-10-09 21:40:00","1.07919254274"
"2016-10-09 22:00:00","0.400494371364"
"2016-10-09 22:20:00","0.765106780241"
"2016-10-09 22:40:00","0.645151599055"
"2016-10-09 23:00:00","0.926427219748"
"2016-10-09 23:20:00","0.400462353458"
"2016-10-09 23:40:00","1.12012803628"
"2016-10-10 00:00:00","1.69225003045"
"2016-10-10 00:20:00","1.22223932114"
"2016-10-10 00:40:00","0.536687898744"
"2016-10-10 01:00:00","0.136411839644"
"2016-10-10 01:20:00","0.0856426058163"
"2016-10-10 01:40:00","0.381251346442"
"2016-10-10 02:00:00","0.226703172424"
"2016-10-10 02:20:00","0.448428099556"
"2016-10-10 02:40:00","0.813014131486"
"2016-10-10 03:00:00","0.482578079517"
"2016-10-10 03:20:00","1.08159515585"
"2016-10-10 03:40:00","0.27033928859"
"2016-10-10 04:00:00","0.544732068454"
"2016-10-10 04:20:00","0.824292317314"
"2016-10-10 04:40:00","0.843859783645"
"2016-10-10 05:00:00","1.24336993759"
"2016-10-10 05:20:00","1.25771588779"
"2016-10-10 05:40:00","0.428140454638"
"2016-10-10 06:00:00","0.852195148234"
"2016-10-10 06:20:00","1.13153072109"
"2016-10-10 06:40:00","1.17325625417"
"2016-10-10 07:00:00","1.18287216487"
"2016-10-10 07:20:00","1.4633031084"
"2016-10-10 07:40:00","1.17513431021"
"2016-10-10 08:00:00","1.53939021859"
"2016-10-10 08:20:00","1.05952010215"
"2016-10-10 08:40:00","1.29649558136"
"2016-10-10 09:00:00","1.10250672574"
"2016-10-10 09:20:00","0.989729969791"
"2016-10-10 09:40:00","0.924650005865"
"2016-10-10 10:00:00","0.833689882026"
"2016-10-10 10:20:00","1.04218349484"
"2016-10-10 10:40:00","1.17644433278"
"2016-10-10 11:00:00","1.10363177175"
"2016-10-10 11:20:00","1.01467460094"
"2016-10-10 11:40:00","0.946023487405"
"2016-10-10 12:00:00","1.15235188408"
"2016-10-10 12:20:00","1.02023744907"
"2016-10-10 12:40:00","0.896306710712"
"2016-10-10 13:00:00","0.739521119466"
"2016-10-10 13:20:00","1.10266200257"
"2016-10-10 13:40:00","0.73636977467"
"2016-10-10 14:00:00","1.0939405862"
"2016-10-10 14:20:00","0.864028419311"
"2016-10-10 14:40:00","0.884828104402"
"2016-10-10 15:00:00","1.07714865581"
"2016-10-10 15:20:00","0.911033683408"
"2016-10-10 15:40:00","0.837600067552"
"2016-10-10 16:00:00","0.932391976578"
"2016-10-10 16:20:00","0.967449078621"
"2016-10-10 16:40:00","1.12640225286"
"2016-10-10 17:00:00","0.993441981962"
"2016-10-10 17:20:00","1.15094276859"
"2016-10-10 17:40:00","1.48883646781"
"2016-10-10 18:00:00","0.846699304741"
"2016-10-10 18:20:00","0.922590585222"
"2016-10-10 18:40:00","1.18646607266"
"2016-10-10 19:00:00","0.840863958481"
"2016-10-10 19:20:00","0.977284739618"
"2016-10-10 19:40:00","1.09631558282"
"2016-10-10 20:00:00","0.918411648179"
"2016-10-10 20:20:00","0.94842145587"
"2016-10-10 20:40:00","1.02614124592"
"2016-10-10 21:00:00","0.911486520195"
"2016-10-10 21:20:00","1.18092257316"
"2016-10-10 21:40:00","0.602207019992"
"2016-10-10 22:00:00","0.821776147322"
"2016-10-10 22:20:00","0.868327412594"
"2016-10-10 22:40:00","1.18712325857"
"2016-10-10 23:00:00","0.539518979627"
"2016-10-10 23:20:00","1.105158212"
"2016-10-10 23:40:00","2.05441974537"
"2016-10-11 00:00:00","1.55024836644"
"2016-10-11 00:20:00","1.33089810777"
"2016-10-11 00:40:00","0.587844137467"
"2016-10-11 01:00:00","0.105412881381"
"2016-10-11 01:20:00","0.173751947006"
"2016-10-11 01:40:00","1.02172173604"
"2016-10-11 02:00:00","0.907565409822"
"2016-10-11 02:20:00","0.743392011359"
"2016-10-11 02:40:00","0.666815902297"
"2016-10-11 03:00:00","0.316530318902"
"2016-10-11 03:20:00","0.305225125693"
"2016-10-11 03:40:00","1.06535695972"
"2016-10-11 04:00:00","0.533601957689"
"2016-10-11 04:20:00","0.459408363753"
"2016-10-11 04:40:00","1.18382379489"
"2016-10-11 05:00:00","1.03135462192"
"2016-10-11 05:20:00","1.36801557477"
"2016-10-11 05:40:00","0.949712471006"
"2016-10-11 06:00:00","0.878879402501"
"2016-10-11 06:20:00","1.15081622419"
"2016-10-11 06:40:00","1.42310822293"
"2016-10-11 07:00:00","1.00320733586"
"2016-10-11 07:20:00","1.31556694369"
"2016-10-11 07:40:00","1.1820842497"
"2016-10-11 08:00:00","1.3799320002"
"2016-10-11 08:20:00","1.13721054604"
"2016-10-11 08:40:00","1.16033954439"
"2016-10-11 09:00:00","1.03740614563"
"2016-10-11 09:20:00","0.999938612525"
"2016-10-11 09:40:00","0.855357282332"
"2016-10-11 10:00:00","0.68451176702"
"2016-10-11 10:20:00","0.734776852477"
"2016-10-11 10:40:00","0.888790189041"
"2016-10-11 11:00:00","0.860470440481"
"2016-10-11 11:20:00","1.14713452301"
"2016-10-11 11:40:00","0.942140519842"
"2016-10-11 12:00:00","0.958644590175"
"2016-10-11 12:20:00","1.21791321492"
"2016-10-11 12:40:00","0.959587600198"
"2016-10-11 13:00:00","1.29410139575"
"2016-10-11 13:20:00","1.4810877081"
"2016-10-11 13:40:00","0.799234597149"
"2016-10-11 14:00:00","0.758827867788"
"2016-10-11 14:20:00","1.12216556346"
"2016-10-11 14:40:00","1.11840282257"
"2016-10-11 15:00:00","0.837173979046"
"2016-10-11 15:20:00","0.635264464242"
"2016-10-11 15:40:00","0.999918194502"
"2016-10-11 16:00:00","0.906700480305"
"2016-10-11 16:20:00","1.00447772949"
"2016-10-11 16:40:00","1.02330652319"
"2016-10-11 17:00:00","1.1858503428"
"2016-10-11 17:20:00","1.0501673681"
"2016-10-11 17:40:00","1.44998187179"
"2016-10-11 18:00:00","1.0127960637"
"2016-10-11 18:20:00","1.05898086876"
"2016-10-11 18:40:00","1.19940417641"
"2016-10-11 19:00:00","1.14325815609"
"2016-10-11 19:20:00","0.944550005062"
"2016-10-11 19:40:00","0.979689500707"
"2016-10-11 20:00:00","0.925616391746"
"2016-10-11 20:20:00","0.807150607899"
"2016-10-11 20:40:00","1.17047372997"
"2016-10-11 21:00:00","0.985187812821"
"2016-10-11 21:20:00","1.05476457773"
"2016-10-11 21:40:00","1.06471176369"
"2016-10-11 22:00:00","0.58948887102"
"2016-10-11 22:20:00","0.598368440069"
"2016-10-11 22:40:00","0.777790952362"
"2016-10-11 23:00:00","0.606824819667"
"2016-10-11 23:20:00","0.445101520435"
"2016-10-11 23:40:00","0.831028507796"
"2016-10-12 00:00:00","1.75248870876"
"2016-10-12 00:20:00","1.36551668454"
"2016-10-12 00:40:00","0.552844906692"
"2016-10-12 01:00:00","0.118998830174"
"2016-10-12 01:20:00","0.279255888224"
"2016-10-12 01:40:00","1.9198163533"
"2016-10-12 02:00:00","1.24598167936"
"2016-10-12 02:20:00","0.742775454004"
"2016-10-12 02:40:00","0.807792584971"
"2016-10-12 03:00:00","0.799513873415"
"2016-10-12 03:20:00","1.06727785796"
"2016-10-12 03:40:00","0.530418175137"
"2016-10-12 04:00:00","0.888916652059"
"2016-10-12 04:20:00","0.919684866614"
"2016-10-12 04:40:00","0.456555581759"
"2016-10-12 05:00:00","0.691314947282"
"2016-10-12 05:20:00","0.688867522998"
"2016-10-12 05:40:00","1.13917395886"
"2016-10-12 06:00:00","1.04862724614"
"2016-10-12 06:20:00","1.0516153867"
"2016-10-12 06:40:00","0.985171217946"
"2016-10-12 07:00:00","1.30918245597"
"2016-10-12 07:20:00","1.58821694798"
"2016-10-12 07:40:00","1.35189683146"
"2016-10-12 08:00:00","1.19762383065"
"2016-10-12 08:20:00","1.18239393115"
"2016-10-12 08:40:00","1.24768417485"
"2016-10-12 09:00:00","0.974240109728"
"2016-10-12 09:20:00","1.00882081111"
"2016-10-12 09:40:00","1.01243341607"
"2016-10-12 10:00:00","1.12555778499"
"2016-10-12 10:20:00","0.765092208311"
"2016-10-12 10:40:00","0.93218873553"
"2016-10-12 11:00:00","0.877532767802"
"2016-10-12 11:20:00","0.832069889135"
"2016-10-12 11:40:00","1.00674386529"
"2016-10-12 12:00:00","0.961449941311"
"2016-10-12 12:20:00","0.826379212006"
"2016-10-12 12:40:00","0.746205119507"
"2016-10-12 13:00:00","1.01324164916"
"2016-10-12 13:20:00","0.851217949362"
"2016-10-12 13:40:00","0.832773018409"
"2016-10-12 14:00:00","0.84545090576"
"2016-10-12 14:20:00","0.989343014422"
"2016-10-12 14:40:00","0.940465063596"
"2016-10-12 15:00:00","1.0323495521"
"2016-10-12 15:20:00","1.00651167418"
"2016-10-12 15:40:00","0.875059329996"
"2016-10-12 16:00:00","0.901684781259"
"2016-10-12 16:20:00","0.97943342512"
"2016-10-12 16:40:00","0.912543936178"
"2016-10-12 17:00:00","1.20520778154"
"2016-10-12 17:20:00","1.04284241518"
"2016-10-12 17:40:00","1.1099113269"
"2016-10-12 18:00:00","1.14636410591"
"2016-10-12 18:20:00","0.824206624813"
"2016-10-12 18:40:00","1.58064067605"
"2016-10-12 19:00:00","0.8289925944"
"2016-10-12 19:20:00","1.01498722715"
"2016-10-12 19:40:00","1.39226339146"
"2016-10-12 20:00:00","1.31355814342"
"2016-10-12 20:20:00","1.15645668606"
"2016-10-12 20:40:00","0.857131464581"
"2016-10-12 21:00:00","0.747277142039"
"2016-10-12 21:20:00","1.08364838763"
"2016-10-12 21:40:00","1.42389808517"
"2016-10-12 22:00:00","0.863893332595"
"2016-10-12 22:20:00","1.18273388605"
"2016-10-12 22:40:00","1.23462688358"
"2016-10-12 23:00:00","1.07732500212"
"2016-10-12 23:20:00","0.600136881485"
"2016-10-12 23:40:00","0.768037547449"
"2016-10-13 00:00:00","1.4314195672"
"2016-10-13 00:20:00","1.58980672388"
"2016-10-13 00:40:00","0.790348184675"
"2016-10-13 01:00:00","0.132600241217"
"2016-10-13 01:20:00","0.165442413729"
"2016-10-13 01:40:00","0.609241946581"
"2016-10-13 02:00:00","0.644595657021"
"2016-10-13 02:20:00","0.843839573544"
"2016-10-13 02:40:00","1.14149916881"
"2016-10-13 03:00:00","1.64854395551"
"2016-10-13 03:20:00","1.14656948672"
"2016-10-13 03:40:00","0.871623535834"
"2016-10-13 04:00:00","0.331171543028"
"2016-10-13 04:20:00","0.531200322366"
"2016-10-13 04:40:00","0.335045215989"
"2016-10-13 05:00:00","0.790906406442"
"2016-10-13 05:20:00","0.630690181235"
"2016-10-13 05:40:00","1.03679983106"
"2016-10-13 06:00:00","1.37881857671"
"2016-10-13 06:20:00","0.842111367321"
"2016-10-13 06:40:00","1.36236477527"
"2016-10-13 07:00:00","1.29244207804"
"2016-10-13 07:20:00","1.09963579549"
"2016-10-13 07:40:00","1.13874347449"
"2016-10-13 08:00:00","1.31909687073"
"2016-10-13 08:20:00","1.1005757339"
"2016-10-13 08:40:00","1.10096942433"
"2016-10-13 09:00:00","0.919098319948"
"2016-10-13 09:20:00","0.957096146643"
"2016-10-13 09:40:00","0.816553619002"
"2016-10-13 10:00:00","0.761710359544"
"2016-10-13 10:20:00","0.948623584124"
"2016-10-13 10:40:00","1.03888082728"
"2016-10-13 11:00:00","0.811950338368"
"2016-10-13 11:20:00","0.805239473044"
"2016-10-13 11:40:00","0.957056725989"
"2016-10-13 12:00:00","0.974547894885"
"2016-10-13 12:20:00","1.26384446644"
"2016-10-13 12:40:00","0.96808526472"
"2016-10-13 13:00:00","0.978905686679"
"2016-10-13 13:20:00","0.935844305359"
"2016-10-13 13:40:00","0.9554515608"
"2016-10-13 14:00:00","1.0119311578"
"2016-10-13 14:20:00","0.770477107466"
"2016-10-13 14:40:00","1.10298442913"
"2016-10-13 15:00:00","1.15566813647"
"2016-10-13 15:20:00","1.01692738671"
"2016-10-13 15:40:00","1.06223146913"
"2016-10-13 16:00:00","1.17784034488"
"2016-10-13 16:20:00","1.22694333025"
"2016-10-13 16:40:00","1.08246620043"
"2016-10-13 17:00:00","0.987649360657"
"2016-10-13 17:20:00","1.04940168497"
"2016-10-13 17:40:00","1.19573905803"
"2016-10-13 18:00:00","1.04968034342"
"2016-10-13 18:20:00","1.03668292758"
"2016-10-13 18:40:00","1.11248520666"
"2016-10-13 19:00:00","0.742353162775"
"2016-10-13 19:20:00","0.928175630783"
"2016-10-13 19:40:00","1.22074941458"
"2016-10-13 20:00:00","0.942541804085"
"2016-10-13 20:20:00","0.857043253391"
"2016-10-13 20:40:00","1.05238979808"
"2016-10-13 21:00:00","0.945096658191"
"2016-10-13 21:20:00","0.931384667329"
"2016-10-13 21:40:00","1.35853445332"
"2016-10-13 22:00:00","1.1078138766"
"2016-10-13 22:20:00","1.16563109096"
"2016-10-13 22:40:00","1.15210442803"
"2016-10-13 23:00:00","0.720197280146"
"2016-10-13 23:20:00","0.700435552923"
"2016-10-13 23:40:00","0.84579786558"
"2016-10-14 00:00:00","1.59521958177"
"2016-10-14 00:20:00","1.58860842011"
"2016-10-14 00:40:00","0.650615462917"
"2016-10-14 01:00:00","0.219179478213"
"2016-10-14 01:20:00","0.233155428888"
"2016-10-14 01:40:00","1.60089759673"
"2016-10-14 02:00:00","0.605817870794"
"2016-10-14 02:20:00","0.658441847683"
"2016-10-14 02:40:00","1.06668203137"
"2016-10-14 03:00:00","0.282183341281"
"2016-10-14 03:20:00","0.813815998575"
"2016-10-14 03:40:00","0.236447446294"
"2016-10-14 04:00:00","0.474830034236"
"2016-10-14 04:20:00","0.92437936439"
"2016-10-14 04:40:00","0.898749571764"
"2016-10-14 05:00:00","0.847136212903"
"2016-10-14 05:20:00","0.339810408516"
"2016-10-14 05:40:00","0.687241843297"
"2016-10-14 06:00:00","0.779243792536"
"2016-10-14 06:20:00","0.890041265951"
"2016-10-14 06:40:00","1.2952929582"
"2016-10-14 07:00:00","1.21885043424"
"2016-10-14 07:20:00","1.06520019611"
"2016-10-14 07:40:00","0.978017742388"
"2016-10-14 08:00:00","1.06440061408"
"2016-10-14 08:20:00","1.23995054208"
"2016-10-14 08:40:00","1.03190823281"
"2016-10-14 09:00:00","0.993565528381"
"2016-10-14 09:20:00","0.785068422081"
"2016-10-14 09:40:00","0.882367200253"
"2016-10-14 10:00:00","0.83926061755"
"2016-10-14 10:20:00","0.807861927393"
"2016-10-14 10:40:00","0.824558403217"
"2016-10-14 11:00:00","0.866165524586"
"2016-10-14 11:20:00","0.977038716527"
"2016-10-14 11:40:00","0.996242061184"
"2016-10-14 12:00:00","1.01590765365"
"2016-10-14 12:20:00","1.186873676"
"2016-10-14 12:40:00","0.906164500949"
"2016-10-14 13:00:00","1.35967740478"
"2016-10-14 13:20:00","1.15611899862"
"2016-10-14 13:40:00","1.11736090232"
"2016-10-14 14:00:00","1.10135868606"
"2016-10-14 14:20:00","1.04572793267"
"2016-10-14 14:40:00","1.04354895561"
"2016-10-14 15:00:00","0.942398885252"
"2016-10-14 15:20:00","0.994835037313"
"2016-10-14 15:40:00","1.06764921018"
"2016-10-14 16:00:00","1.09196126522"
"2016-10-14 16:20:00","0.866438794683"
"2016-10-14 16:40:00","1.09238443811"
"2016-10-14 17:00:00","1.22069295672"
"2016-10-14 17:20:00","1.13442341417"
"2016-10-14 17:40:00","1.41019136355"
"2016-10-14 18:00:00","1.45531225042"
"2016-10-14 18:20:00","0.83663711834"
"2016-10-14 18:40:00","0.542481732863"
"2016-10-14 19:00:00","0.787520177638"
"2016-10-14 19:20:00","0.801168225382"
"2016-10-14 19:40:00","0.90044540555"
"2016-10-14 20:00:00","0.926164660555"
"2016-10-14 20:20:00","0.87150290132"
"2016-10-14 20:40:00","1.02966192186"
"2016-10-14 21:00:00","1.05193999539"
"2016-10-14 21:20:00","1.15575847093"
"2016-10-14 21:40:00","1.1616794645"
"2016-10-14 22:00:00","0.821282765869"
"2016-10-14 22:20:00","1.29020005293"
"2016-10-14 22:40:00","1.31004440174"
"2016-10-14 23:00:00","0.88967278889"
"2016-10-14 23:20:00","1.18574631302"
"2016-10-14 23:40:00","0.764409302323"
"2016-10-15 00:00:00","2.08859038281"
"2016-10-15 00:20:00","1.39290306477"
"2016-10-15 00:40:00","0.657121651668"
"2016-10-15 01:00:00","0.171275311572"
"2016-10-15 01:20:00","0.136852461581"
"2016-10-15 01:40:00","0.811886238224"
"2016-10-15 02:00:00","0.618747906195"
"2016-10-15 02:20:00","0.949749460503"
"2016-10-15 02:40:00","0.614408747145"
"2016-10-15 03:00:00","0.729022085205"
"2016-10-15 03:20:00","0.698448291143"
"2016-10-15 03:40:00","0.487706491586"
"2016-10-15 04:00:00","0.818568644373"
"2016-10-15 04:20:00","0.636190503727"
"2016-10-15 04:40:00","0.50497874682"
"2016-10-15 05:00:00","1.03683075802"
"2016-10-15 05:20:00","0.850323208611"
"2016-10-15 05:40:00","1.11377134367"
"2016-10-15 06:00:00","0.783920918043"
"2016-10-15 06:20:00","1.09591772397"
"2016-10-15 06:40:00","1.60267531598"
"2016-10-15 07:00:00","1.03290915011"
"2016-10-15 07:20:00","0.972335140478"
"2016-10-15 07:40:00","1.01898687673"
"2016-10-15 08:00:00","0.891523274638"
"2016-10-15 08:20:00","0.764786521776"
"2016-10-15 08:40:00","1.01428000897"
"2016-10-15 09:00:00","0.738080941148"
"2016-10-15 09:20:00","0.787533468808"
"2016-10-15 09:40:00","0.914486401827"
"2016-10-15 10:00:00","0.91683623572"
"2016-10-15 10:20:00","0.897318398631"
"2016-10-15 10:40:00","1.20819969631"
"2016-10-15 11:00:00","0.9854245673"
"2016-10-15 11:20:00","1.07775189245"
"2016-10-15 11:40:00","0.992338220039"
"2016-10-15 12:00:00","1.16133275506"
"2016-10-15 12:20:00","0.988504074584"
"2016-10-15 12:40:00","0.775351638263"
"2016-10-15 13:00:00","1.17322112141"
"2016-10-15 13:20:00","1.1089034856"
"2016-10-15 13:40:00","1.04607544705"
"2016-10-15 14:00:00","0.999548178143"
"2016-10-15 14:20:00","0.923629427501"
"2016-10-15 14:40:00","1.00416020158"
"2016-10-15 15:00:00","1.18312049735"
"2016-10-15 15:20:00","1.00002039321"
"2016-10-15 15:40:00","1.09545738208"
"2016-10-15 16:00:00","0.9021280473"
"2016-10-15 16:20:00","0.976530522303"
"2016-10-15 16:40:00","0.995819255772"
"2016-10-15 17:00:00","1.19533697518"
"2016-10-15 17:20:00","0.973292659522"
"2016-10-15 17:40:00","1.01286883244"
"2016-10-15 18:00:00","1.1319629784"
"2016-10-15 18:20:00","1.12057285037"
"2016-10-15 18:40:00","1.24053112824"
"2016-10-15 19:00:00","1.28845044354"
"2016-10-15 19:20:00","0.820207069613"
"2016-10-15 19:40:00","1.16444515885"
"2016-10-15 20:00:00","1.41332806026"
"2016-10-15 20:20:00","1.15190580923"
"2016-10-15 20:40:00","1.17300741876"
"2016-10-15 21:00:00","1.10702648054"
"2016-10-15 21:20:00","0.990010936877"
"2016-10-15 21:40:00","0.936714042627"
"2016-10-15 22:00:00","0.765403186455"
"2016-10-15 22:20:00","0.83680894513"
"2016-10-15 22:40:00","1.0356165606"
"2016-10-15 23:00:00","0.734861029128"
"2016-10-15 23:20:00","1.48088102672"
"2016-10-15 23:40:00","0.60144824995"
"2016-10-16 00:00:00","1.7324746568"
"2016-10-16 00:20:00","1.58935420291"
"2016-10-16 00:40:00","0.713885326764"
"2016-10-16 01:00:00","0.143612803623"
"2016-10-16 01:20:00","0.0994566069016"
"2016-10-16 01:40:00","0.819724168065"
"2016-10-16 02:00:00","0.411699790265"
"2016-10-16 02:20:00","1.07048449636"
"2016-10-16 02:40:00","0.838508648696"
"2016-10-16 03:00:00","1.13039413939"
"2016-10-16 03:20:00","0.539255509977"
"2016-10-16 03:40:00","0.584060299795"
"2016-10-16 04:00:00","0.465102715231"
"2016-10-16 04:20:00","0.496668777785"
"2016-10-16 04:40:00","0.548812638987"
"2016-10-16 05:00:00","0.962365737058"
"2016-10-16 05:20:00","0.981854216323"
"2016-10-16 05:40:00","0.865687740769"
"2016-10-16 06:00:00","1.06550170757"
"2016-10-16 06:20:00","1.11623668813"
"2016-10-16 06:40:00","0.853572218507"
"2016-10-16 07:00:00","0.640754163556"
"2016-10-16 07:20:00","0.71752615782"
"2016-10-16 07:40:00","0.783254637686"
"2016-10-16 08:00:00","0.864436217413"
"2016-10-16 08:20:00","0.700718244855"
"2016-10-16 08:40:00","0.660526388107"
"2016-10-16 09:00:00","0.805084033678"
"2016-10-16 09:20:00","0.67095554866"
"2016-10-16 09:40:00","0.78174268169"
"2016-10-16 10:00:00","0.925188395107"
"2016-10-16 10:20:00","1.21600181146"
"2016-10-16 10:40:00","1.13222861058"
"2016-10-16 11:00:00","0.865498682179"
"2016-10-16 11:20:00","1.02578131118"
"2016-10-16 11:40:00","0.717175180004"
"2016-10-16 12:00:00","1.12847641056"
"2016-10-16 12:20:00","1.02423789474"
"2016-10-16 12:40:00","1.06531530843"
"2016-10-16 13:00:00","1.25986768666"
"2016-10-16 13:20:00","1.07465910094"
"2016-10-16 13:40:00","1.27045695338"
"2016-10-16 14:00:00","1.24614362604"
"2016-10-16 14:20:00","1.14858972262"
"2016-10-16 14:40:00","1.3016401451"
"2016-10-16 15:00:00","1.26566055087"
"2016-10-16 15:20:00","1.20705008911"
"2016-10-16 15:40:00","1.2694039504"
"2016-10-16 16:00:00","1.31236991996"
"2016-10-16 16:20:00","1.17674922548"
"2016-10-16 16:40:00","1.06751596078"
"2016-10-16 17:00:00","1.04531395749"
"2016-10-16 17:20:00","1.10053177207"
"2016-10-16 17:40:00","1.06119002392"
"2016-10-16 18:00:00","0.986878955354"
"2016-10-16 18:20:00","1.31095270917"
"2016-10-16 18:40:00","1.1281165251"
"2016-10-16 19:00:00","1.03337389655"
"2016-10-16 19:20:00","1.29167484214"
"2016-10-16 19:40:00","1.36005077037"
"2016-10-16 20:00:00","1.11013962617"
"2016-10-16 20:20:00","1.04532267123"
"2016-10-16 20:40:00","1.23209396186"
"2016-10-16 21:00:00","0.452788602862"
"2016-10-16 21:20:00","0.938666971511"
"2016-10-16 21:40:00","0.826283186352"
"2016-10-16 22:00:00","0.555114322873"
"2016-10-16 22:20:00","0.672884726778"
"2016-10-16 22:40:00","0.841985279845"
"2016-10-16 23:00:00","0.502055499545"
"2016-10-16 23:20:00","0.490576810705"
"2016-10-16 23:40:00","0.628904003684"
"2016-10-17 00:00:00","1.57215485053"
"2016-10-17 00:20:00","1.34633414685"
"2016-10-17 00:40:00","0.628130589242"
"2016-10-17 01:00:00","0.139897004562"
"2016-10-17 01:20:00","0.175667098906"
"2016-10-17 01:40:00","0.420027907535"
"2016-10-17 02:00:00","0.471739343012"
"2016-10-17 02:20:00","0.375315795158"
"2016-10-17 02:40:00","0.114054073122"
"2016-10-17 03:00:00","1.0940596314"
"2016-10-17 03:20:00","0.132013302675"
"2016-10-17 03:40:00","0.810614374294"
"2016-10-17 04:00:00","1.09618572771"
"2016-10-17 04:20:00","0.510580922525"
"2016-10-17 04:40:00","0.488314714373"
"2016-10-17 05:00:00","0.463345613476"
"2016-10-17 05:20:00","0.687353635771"
"2016-10-17 05:40:00","0.808471652294"
"2016-10-17 06:00:00","1.50907085583"
"2016-10-17 06:20:00","1.11088752008"
"2016-10-17 06:40:00","1.21348158084"
"2016-10-17 07:00:00","1.49826117552"
"2016-10-17 07:20:00","1.72868105657"
"2016-10-17 07:40:00","1.37855562086"
"2016-10-17 08:00:00","1.38475168016"
"2016-10-17 08:20:00","1.43235902686"
"2016-10-17 08:40:00","1.29182429448"
"2016-10-17 09:00:00","1.14919543173"
"2016-10-17 09:20:00","1.14686977681"
"2016-10-17 09:40:00","0.952912843404"
"2016-10-17 10:00:00","0.761269802553"
"2016-10-17 10:20:00","0.783348808604"
"2016-10-17 10:40:00","0.976004321351"
"2016-10-17 11:00:00","0.952075086214"
"2016-10-17 11:20:00","0.930919177947"
"2016-10-17 11:40:00","0.893069599275"
